DATE,all_Const_Emp,emratio,GDP,RHORUSQ156N,house_st,income,IPI_Cement,labor_percent,monthly_supply,mortgage_rate,MSPUS,new_private_house,new_private_hw_under,permit,POP,PPI_Cement,PPI_Concrete,p_saving_rate,target,total_emp_cons,unemployed_rate
1990-01-01,710.3,63.2,5872.701,64.0,1551.0,4783.8,138.1363,66.8,7.0,9.895,123900.0,2119.0265659925417,891.0,1748.0,248659.0,101.7,4.81380905109942,7.9,76.527,5422.0,5.4
1990-02-01,707.3,63.2,5872.701,64.0,1437.0,4819.8,134.7538,66.7,7.6,10.1975,123900.0,1888.7831894393653,898.0,1329.0,248827.0,101.7,4.81380905109942,8.5,76.587,5416.0,5.3
1990-03-01,703.0,63.2,5872.701,64.0,1289.0,4842.7,132.5115,66.7,7.8,10.268,123900.0,1878.4839058941614,885.0,1246.0,249012.0,102.0,4.81380905109942,8.3,76.79,5392.0,5.2
1990-04-01,692.5,63.0,5960.028,63.7,1248.0,4883.8,127.1853,66.6,8.3,10.37,126800.0,1859.364288445469,872.0,1136.0,249306.0,102.5,4.81380905109942,8.7,77.038,5355.0,5.4
1990-05-01,688.6,63.1,5960.028,63.7,1212.0,4889.5,123.8842,66.6,8.2,10.4775,126800.0,1887.3116880758591,858.0,1067.0,249565.0,102.5,4.81380905109942,8.7,77.297,5321.0,5.4
1990-06-01,681.4,62.9,5960.028,63.7,1177.0,4919.3,123.1067,66.4,7.9,10.164,126800.0,1758.0527091537579,846.0,1108.0,249849.0,102.4,4.81380905109942,8.6,77.505,5303.0,5.2
1990-07-01,673.9,62.8,6015.116,64.0,1171.0,4948.2,122.3559,66.5,7.8,10.035,117000.0,1805.0018979198853,831.0,1078.0,250132.0,102.7,4.81380905109942,8.7,77.561,5274.0,5.5
1990-08-01,663.3,62.7,6015.116,64.0,1115.0,4949.9,119.6385,66.5,8.2,10.1,117000.0,1822.6239462812466,813.0,1069.0,250439.0,102.8,4.81380905109942,8.1,77.479,5234.0,5.7
1990-09-01,656.8,62.5,6015.116,64.0,1110.0,4978.6,118.6876,66.4,8.4,10.175,117000.0,1829.9690278960763,793.0,976.0,250751.0,103.5,4.837867950107113,8.1,77.229,5197.0,5.9
1990-10-01,646.3,62.5,6004.733,64.1,1014.0,4966.5,113.6963,66.4,8.7,10.1775,121500.0,1785.921210960001,766.0,925.0,251057.0,103.6,4.837867950107113,7.9,76.91199999999999,5134.0,5.9
1990-11-01,633.8,62.3,6004.733,64.1,1145.0,4973.5,116.5566,66.4,8.2,10.014,121500.0,1736.0670927276556,758.0,941.0,251346.0,103.7,4.864452783918174,8.0,76.381,5095.0,6.2
1990-12-01,624.3,62.2,6004.733,64.1,969.0,5004.1,108.5216,66.4,8.5,9.6725,121500.0,1626.3544603615444,745.0,861.0,251626.0,103.8,4.864452783918174,8.8,75.972,5047.0,6.3
1991-01-01,610.0,62.0,6035.178,63.9,798.0,4990.4,101.5934,66.2,9.4,9.6375,120000.0,1591.324548214,716.0,786.0,251889.0,105.0,4.864452783918174,9.4,75.533,4972.0,6.4
1991-02-01,600.3,61.9,6035.178,63.9,965.0,4997.1,108.6813,66.2,7.9,9.365,120000.0,1505.377406803333,710.0,853.0,252135.0,105.3,4.867534450455582,9.0,75.249,4929.0,6.6
1991-03-01,598.0,61.8,6035.178,63.9,921.0,5005.8,105.2613,66.3,7.3,9.5,120000.0,1630.7359140126275,678.0,911.0,252372.0,105.8,4.876722876509988,8.1,75.137,4881.0,6.8
1991-04-01,587.6,62.0,6126.862,63.9,1001.0,5034.3,104.176,66.4,7.3,9.4925,119900.0,1509.74170453934,670.0,916.0,252643.0,106.3,4.882044059723269,8.7,75.315,4842.0,6.7
1991-05-01,584.8,61.6,6126.862,63.9,996.0,5055.9,104.1175,66.2,7.0,9.472,119900.0,1476.2986006357953,662.0,991.0,252913.0,106.7,4.882044059723269,8.5,75.768,4800.0,6.9
1991-06-01,579.9,61.7,6126.862,63.9,1036.0,5090.8,105.9744,66.2,7.0,9.615,119900.0,1509.74170453934,654.0,964.0,253207.0,106.6,4.882044059723269,9.0,76.253,4782.0,6.9
1991-07-01,574.1,61.6,6205.937,64.2,1063.0,5087.0,107.988,66.1,7.1,9.575,120000.0,1485.0192122823255,652.0,973.0,253493.0,106.4,4.882044059723269,8.4,76.517,4752.0,6.8
1991-08-01,569.3,61.5,6205.937,64.2,1049.0,5108.4,107.1435,66.0,6.8,9.244,120000.0,1447.248875676862,651.0,944.0,253807.0,106.2,4.882044059723269,8.7,76.594,4733.0,6.9
1991-09-01,568.2,61.6,6205.937,64.2,1015.0,5141.5,108.3246,66.2,7.4,9.0075,120000.0,1689.2119172374726,633.0,974.0,254126.0,105.4,4.918520005188451,8.9,76.574,4728.0,6.9
1991-10-01,563.3,61.5,6264.54,64.2,1079.0,5157.7,108.7024,66.1,6.7,8.855,120000.0,1485.0192122823255,630.0,991.0,254435.0,105.5,4.900820428089049,9.4,76.29,4698.0,7.0
1991-11-01,558.2,61.4,6264.54,64.2,1103.0,5177.0,103.8766,66.1,6.2,8.712,120000.0,1393.5853352765369,636.0,984.0,254718.0,105.0,4.900820428089049,9.1,76.031,4640.0,7.0
1991-12-01,554.8,61.2,6264.54,64.2,1079.0,5233.0,108.3124,66.0,6.2,8.4975,120000.0,1377.6513615867614,633.0,1061.0,254964.0,104.9,4.900820428089049,9.8,75.844,4647.0,7.3
1992-01-01,551.4,61.5,6363.102,64.0,1176.0,5264.8,111.4657,66.3,5.2,8.432,119500.0,1463.2225947351117,639.0,1077.0,255214.0,106.1,4.900820428089049,9.5,75.7,4667.0,7.3
1992-02-01,545.6,61.3,6363.102,64.0,1250.0,5303.2,110.439,66.2,4.9,8.7625,119500.0,1517.016958316717,630.0,1146.0,255448.0,105.8,4.900820428089049,9.8,75.655,4612.0,7.4
1992-03-01,544.7,61.5,6363.102,64.0,1297.0,5323.8,110.438,66.4,6.1,8.935,119500.0,1560.7054633999037,656.0,1082.0,255703.0,105.4,4.900820428089049,9.7,75.814,4621.0,7.4
1992-04-01,542.6,61.6,6470.763,63.9,1099.0,5357.4,113.3044,66.5,6.1,8.8525,120000.0,1495.1965486253619,650.0,1054.0,255992.0,105.2,4.900820428089049,9.8,76.08,4603.0,7.4
1992-05-01,542.6,61.5,6470.763,63.9,1214.0,5392.4,113.5843,66.6,6.0,8.672,120000.0,1646.806352660315,650.0,1056.0,256285.0,105.5,4.900820428089049,9.8,76.398,4605.0,7.6
1992-06-01,542.7,61.5,6470.763,63.9,1145.0,5424.0,112.737,66.7,5.6,8.51,120000.0,1649.729109411297,644.0,1057.0,256589.0,105.4,4.900820428089049,10.0,76.602,4584.0,7.8
1992-07-01,546.7,61.6,6566.641,64.3,1139.0,5437.1,112.1383,66.7,5.3,8.128,120000.0,1740.463089751453,629.0,1089.0,256894.0,105.0,4.900820428089049,9.5,76.711,4570.0,7.7
1992-08-01,553.0,61.6,6566.641,64.3,1226.0,5465.1,111.8263,66.6,5.2,7.975,120000.0,1578.1983827453614,635.0,1075.0,257232.0,105.1,4.900820428089049,9.6,76.732,4581.0,7.6
1992-09-01,556.9,61.4,6566.641,64.3,1186.0,5452.8,112.6484,66.5,5.0,7.9225,120000.0,1553.4196805743618,638.0,1114.0,257548.0,104.8,4.900820428089049,8.6,76.628,4584.0,7.6
1992-10-01,558.0,61.3,6680.803,64.4,1244.0,5444.9,114.3146,66.2,5.1,8.088,126000.0,1576.7402615158403,643.0,1132.0,257861.0,105.4,4.900820428089049,7.9,76.598,4600.0,7.3
1992-11-01,560.0,61.4,6680.803,64.4,1214.0,5467.4,104.542,66.3,5.4,8.305,126000.0,1700.919590333797,641.0,1118.0,258147.0,105.5,4.900820428089049,7.9,76.579,4606.0,7.4
1992-12-01,560.2,61.4,6680.803,64.4,1227.0,5676.8,104.9759,66.3,5.0,8.206,126000.0,1664.3468328056006,638.0,1176.0,258413.0,105.4,4.900820428089049,10.3,76.464,4630.0,7.4
1993-01-01,563.4,61.4,6729.459,64.2,1210.0,5534.1,104.6167,66.2,5.4,7.9925,125000.0,1570.9084624454597,636.0,1177.0,258679.0,106.2,4.900820428089049,8.5,76.395,4664.0,7.3
1993-02-01,568.1,61.4,6729.459,64.2,1210.0,5568.0,104.4493,66.2,5.3,7.6825,125000.0,1718.4887744289897,640.0,1148.0,258919.0,106.8,4.900820428089049,8.8,76.327,4714.0,7.1
1993-03-01,570.5,61.5,6729.459,64.2,1083.0,5565.0,102.9615,66.2,5.4,7.495,125000.0,1527.205291597126,633.0,1056.0,259152.0,107.0,4.900820428089049,8.8,76.382,4676.0,7.0
1993-04-01,575.2,61.5,6808.939,64.4,1258.0,5621.8,104.3104,66.1,4.7,7.472,127000.0,1689.2119172374726,636.0,1104.0,259414.0,111.2,4.911183215124596,8.7,76.66,4690.0,7.1
1993-05-01,582.4,61.7,6808.939,64.4,1260.0,5637.9,107.9121,66.4,5.3,7.465,127000.0,1535.9408997708183,648.0,1112.0,259680.0,111.7,4.92870191133357,8.2,77.03,4753.0,7.1
1993-06-01,582.3,61.8,6808.939,64.4,1280.0,5632.9,108.1358,66.5,5.2,7.4175,127000.0,1655.5754120909598,654.0,1130.0,259963.0,111.9,4.92870191133357,7.7,77.516,4760.0,7.0
1993-07-01,582.9,61.8,6882.098,64.7,1254.0,5660.1,109.5383,66.4,5.3,7.206,127000.0,1505.377406803333,663.0,1174.0,260255.0,111.6,4.92870191133357,7.5,77.885,4783.0,6.9
1993-08-01,582.8,62.0,6882.098,64.7,1300.0,5682.0,110.2556,66.4,5.5,7.1125,127000.0,1759.5189158466737,665.0,1230.0,260566.0,112.6,4.92870191133357,7.6,78.131,4806.0,6.8
1993-09-01,586.3,61.7,6882.098,64.7,1343.0,5675.1,109.121,66.2,4.9,6.915,127000.0,1624.8941090356755,677.0,1251.0,260867.0,112.7,4.92870191133357,6.8,78.19800000000001,4823.0,6.7
1993-10-01,591.1,61.8,7013.738,64.6,1392.0,5669.1,109.8777,66.3,5.0,6.834,127000.0,1733.1367422366088,687.0,1287.0,261163.0,113.2,4.92870191133357,6.2,78.172,4868.0,6.8
1993-11-01,599.3,61.9,7013.738,64.6,1376.0,5694.4,112.0146,66.3,4.8,7.155,127000.0,1717.0243257214272,695.0,1357.0,261425.0,113.4,4.92870191133357,6.2,78.17,4887.0,6.6
1993-12-01,607.1,62.0,7013.738,64.6,1533.0,5893.8,112.6733,66.4,4.5,7.172,127000.0,1796.1941464984257,703.0,1461.0,261674.0,113.4,4.92870191133357,9.0,78.113,4925.0,6.5
1994-01-01,614.1,62.2,7115.652,63.8,1272.0,5779.0,106.0954,66.6,5.9,7.06,130000.0,1706.7749649275913,709.0,1390.0,261919.0,113.9,4.92870191133357,7.0,78.19800000000001,4940.0,6.6
1994-02-01,609.4,62.3,7115.652,63.8,1337.0,5798.0,105.0822,66.6,5.0,7.1525,130000.0,1890.2547490748218,716.0,1269.0,262123.0,114.5,4.92870191133357,6.4,78.204,4923.0,6.6
1994-03-01,620.4,62.1,7115.652,63.8,1564.0,5829.4,116.9048,66.5,4.8,7.675,130000.0,1749.2567757362483,732.0,1342.0,262352.0,115.3,4.9279780604152466,6.7,78.34899999999999,4990.0,6.5
1994-04-01,622.1,62.3,7246.931,63.8,1465.0,5890.5,116.956,66.5,5.2,8.316,130000.0,1921.1708906176098,740.0,1392.0,262631.0,117.7,4.9279780604152466,6.3,78.70100000000001,5047.0,6.4
1994-05-01,625.4,62.5,7246.931,63.8,1526.0,5911.1,119.7682,66.6,5.3,8.5975,130000.0,2003.736695782837,749.0,1396.0,262877.0,118.4,4.9279780604152466,7.5,79.208,5084.0,6.1
1994-06-01,627.6,62.3,7246.931,63.8,1409.0,5917.5,118.8258,66.4,6.2,8.3975,130000.0,1865.2461881354766,757.0,1357.0,263152.0,119.5,4.950885289690482,6.8,79.70100000000001,5097.0,6.1
1994-07-01,630.0,62.3,7331.075,64.1,1439.0,5946.4,117.5506,66.4,6.3,8.614,129700.0,1784.4538934859295,764.0,1335.0,263436.0,119.6,4.950885289690482,6.9,80.063,5125.0,6.1
1994-08-01,631.9,62.6,7331.075,64.1,1450.0,5968.7,119.2109,66.6,6.1,8.5125,129700.0,1882.8975340252396,773.0,1377.0,263724.0,120.7,4.950885289690482,6.4,80.317,5139.0,6.0
1994-09-01,633.2,62.7,7331.075,64.1,1474.0,6001.5,121.4776,66.6,6.0,8.64,129700.0,1980.1284955760507,774.0,1412.0,264017.0,121.0,4.950885289690482,6.7,80.34,5175.0,5.9
1994-10-01,634.5,62.9,7455.288,64.2,1450.0,6065.3,118.9145,66.7,5.6,8.925,132000.0,1927.0625602210093,775.0,1397.0,264301.0,121.5,4.950885289690482,7.0,80.304,5177.0,5.8
1994-11-01,632.4,63.0,7455.288,64.2,1511.0,6075.4,123.8681,66.7,6.3,9.17,132000.0,1907.917995144319,785.0,1340.0,264559.0,121.4,4.950885289690482,6.9,80.17,5210.0,5.6
1994-12-01,633.1,63.1,7455.288,64.2,1455.0,6108.1,128.9246,66.7,6.6,9.198,132000.0,1938.8486440417748,784.0,1396.0,264804.0,121.3,4.950885289690482,7.0,80.078,5226.0,5.5
1995-01-01,633.2,63.0,7522.289,64.2,1407.0,6148.6,126.5968,66.8,6.8,9.1475,130000.0,1993.4063585771155,783.0,1282.0,265044.0,122.5,4.950885289690482,7.3,80.027,5234.0,5.6
1995-02-01,630.1,63.1,7522.289,64.2,1316.0,6173.3,124.8849,66.8,7.3,8.8275,130000.0,1803.5337873537371,793.0,1254.0,265270.0,123.2,4.950885289690482,7.7,79.992,5192.0,5.4
1995-03-01,630.4,63.1,7522.289,64.2,1249.0,6200.3,127.4955,66.7,6.8,8.462,130000.0,1978.6534562313088,771.0,1226.0,265495.0,123.2,4.950885289690482,7.4,80.078,5242.0,5.4
1995-04-01,629.5,63.1,7580.997,64.7,1267.0,6223.9,122.7703,66.9,6.7,8.32,133900.0,1874.0708047919404,761.0,1259.0,265755.0,128.0,4.950885289690482,6.8,80.369,5252.0,5.8
1995-05-01,628.0,62.7,7580.997,64.7,1314.0,6238.3,119.6881,66.5,6.3,7.955,133900.0,1850.5432127260162,758.0,1271.0,265998.0,128.6,4.950885289690482,7.0,80.691,5220.0,5.6
1995-06-01,626.1,62.7,7580.997,64.7,1281.0,6267.4,124.2416,66.5,5.8,7.566,133900.0,1727.2767970320144,759.0,1305.0,266270.0,128.5,4.958639998977875,6.5,81.069,5250.0,5.6
1995-07-01,626.0,62.8,7683.125,65.0,1461.0,6296.3,124.9272,66.6,5.6,7.6075,132000.0,1888.7831894393653,762.0,1354.0,266557.0,128.8,4.958639998977875,6.9,81.413,5262.0,5.7
1995-08-01,627.5,62.8,7683.125,65.0,1416.0,6319.0,125.634,66.6,6.1,7.86,132000.0,1760.9851846410704,774.0,1386.0,266843.0,128.8,4.958639998977875,6.6,81.655,5286.0,5.7
1995-09-01,629.9,62.9,7683.125,65.0,1369.0,6347.7,126.1997,66.6,6.3,7.636,132000.0,1781.519442548567,780.0,1421.0,267152.0,129.0,4.958639998977875,6.6,81.73899999999999,5324.0,5.6
1995-10-01,634.2,62.9,7772.586,65.1,1369.0,6373.5,128.0076,66.6,6.3,7.475,138000.0,1863.7756247109487,781.0,1400.0,267456.0,128.8,4.958639998977875,7.0,81.727,5353.0,5.5
1995-11-01,637.5,62.8,7772.586,65.1,1452.0,6394.0,127.8461,66.5,6.8,7.3775,138000.0,1900.5572947234973,786.0,1430.0,267715.0,128.8,4.958639998977875,6.4,81.631,5358.0,5.6
1995-12-01,638.6,62.7,7772.586,65.1,1431.0,6417.8,126.2146,66.4,6.4,7.2,138000.0,1665.808965041031,799.0,1442.0,267943.0,128.5,4.958639998977875,6.0,81.514,5344.0,5.6
1996-01-01,642.0,62.7,7868.468,65.1,1467.0,6453.9,123.7242,66.4,6.4,7.03,137000.0,1962.4317204397464,803.0,1387.0,268151.0,128.5,4.958639998977875,6.5,81.42699999999999,5355.0,5.6
1996-02-01,647.0,62.9,7868.468,65.1,1491.0,6517.8,124.1369,66.6,5.3,7.075,137000.0,1837.3156082818775,793.0,1420.0,268364.0,129.2,4.958639998977875,6.6,81.399,5415.0,5.5
1996-03-01,650.1,63.0,7868.468,65.1,1424.0,6560.4,123.1088,66.6,6.2,7.624,137000.0,1913.80759516809,814.0,1437.0,268595.0,129.2,4.958639998977875,6.4,81.665,5446.0,5.5
1996-04-01,654.9,63.0,8032.84,65.4,1516.0,6597.3,130.1377,66.7,6.0,7.925,139900.0,1852.013243879121,827.0,1463.0,268853.0,132.3,4.958639998977875,5.5,82.125,5474.0,5.6
1996-05-01,658.7,63.0,8032.84,65.4,1504.0,6637.3,130.1725,66.7,5.9,8.07,139900.0,1993.4063585771155,832.0,1457.0,269108.0,133.7,4.958639998977875,6.5,82.602,5498.0,5.6
1996-06-01,663.3,63.2,8032.84,65.4,1467.0,6681.3,129.1709,66.7,6.0,8.32,139900.0,2014.0697408070223,826.0,1429.0,269386.0,133.8,4.958639998977875,6.9,83.04899999999999,5534.0,5.3
1996-07-01,664.6,63.3,8131.408,65.6,1472.0,6681.6,128.2446,66.9,5.7,8.245,140000.0,2037.6982308401,824.0,1450.0,269667.0,133.9,4.958639998977875,6.5,83.419,5557.0,5.5
1996-08-01,670.6,63.3,8131.408,65.6,1557.0,6709.4,130.1944,66.7,5.0,8.002,140000.0,2059.862599056487,820.0,1413.0,269976.0,134.2,4.958639998977875,6.4,83.645,5586.0,5.1
1996-09-01,674.4,63.4,8131.408,65.6,1475.0,6747.4,126.8553,66.9,5.2,8.23,140000.0,1928.5356207992263,824.0,1392.0,270284.0,135.1,4.958639998977875,6.4,83.70200000000001,5610.0,5.2
1996-10-01,676.0,63.5,8259.771,65.4,1392.0,6768.8,128.816,67.0,5.6,7.915,144100.0,1947.6905986087777,821.0,1358.0,270581.0,135.2,4.958639998977875,6.1,83.62899999999999,5643.0,5.2
1996-11-01,679.7,63.4,8259.771,65.4,1489.0,6802.4,126.1401,67.0,5.2,7.618,144100.0,1978.6534562313088,829.0,1412.0,270878.0,135.2,4.958639998977875,6.2,83.557,5668.0,5.4
1996-12-01,681.2,63.4,8259.771,65.4,1370.0,6836.6,124.1316,67.0,5.0,7.5975,144100.0,2087.9548630148893,814.0,1411.0,271125.0,134.8,4.958639998977875,6.1,83.491,5675.0,5.4
1997-01-01,684.6,63.4,8362.655,65.4,1355.0,6884.8,125.2006,67.0,4.7,7.824,145000.0,1925.5895568744052,817.0,1382.0,271360.0,135.2,4.958639998977875,5.9,83.531,5675.0,5.3
1997-02-01,687.8,63.4,8362.655,65.4,1486.0,6920.9,132.4098,66.9,4.5,7.65,145000.0,2173.8281533178133,810.0,1445.0,271585.0,135.5,4.958639998977875,6.0,83.59700000000001,5722.0,5.2
1997-03-01,695.3,63.6,8362.655,65.4,1457.0,6960.8,137.0678,67.1,4.1,7.8975,145000.0,2025.8822348166227,808.0,1436.0,271821.0,135.2,4.958639998977875,6.1,83.912,5751.0,5.2
1997-04-01,692.3,63.7,8518.825,65.7,1492.0,6972.8,136.4713,67.1,4.7,8.1425,145800.0,2015.5461104136086,810.0,1421.0,272083.0,137.9,4.958639998977875,6.2,84.321,5764.0,5.1
1997-05-01,690.8,63.8,8518.825,65.7,1442.0,7001.3,134.0933,67.1,4.6,7.944,145800.0,1959.4830444168185,816.0,1414.0,272342.0,138.2,4.958639998977875,6.5,84.86399999999999,5793.0,4.9
1997-06-01,690.5,63.7,8518.825,65.7,1494.0,7035.8,135.5394,67.1,4.4,7.69,145800.0,1834.376796620362,826.0,1402.0,272622.0,138.9,4.958639998977875,6.3,85.398,5793.0,5.0
1997-07-01,693.6,63.9,8662.823,66.0,1437.0,7071.7,138.2605,67.2,4.4,7.4975,145000.0,1831.4382242443476,836.0,1440.0,272912.0,139.1,4.958639998977875,5.8,85.84100000000001,5817.0,4.9
1997-08-01,695.1,63.9,8662.823,66.0,1390.0,7119.4,138.4137,67.2,4.3,7.48,145000.0,1859.364288445469,836.0,1449.0,273237.0,139.5,4.959341999708705,5.7,86.15100000000001,5846.0,4.8
1997-09-01,695.7,63.9,8662.823,66.0,1546.0,7158.1,143.5012,67.1,4.2,7.43,145000.0,2021.4521381848838,846.0,1494.0,273553.0,139.2,4.959341999708705,5.9,86.311,5874.0,4.9
1997-10-01,696.7,63.9,8765.907,65.7,1520.0,7205.1,143.0334,67.1,4.3,7.294,144200.0,1953.5863692445469,858.0,1499.0,273852.0,139.5,4.959341999708705,5.9,86.40799999999999,5883.0,4.7
1997-11-01,700.0,64.1,8765.907,65.7,1510.0,7257.0,140.3559,67.2,3.9,7.205,144200.0,1988.9799032444866,865.0,1469.0,274126.0,139.2,4.959341999708705,6.1,86.632,5899.0,4.6
1997-12-01,703.4,64.0,8765.907,65.7,1566.0,7300.0,140.801,67.2,4.4,7.095,144200.0,2000.784894010309,872.0,1456.0,274372.0,139.3,4.959341999708705,6.1,86.848,5938.0,4.7
1998-01-01,704.1,64.0,8866.48,65.9,1525.0,7368.9,143.4028,67.1,4.0,6.994,152200.0,1835.846172561935,886.0,1555.0,274626.0,139.3,4.959341999708705,7.0,87.163,5983.0,4.6
1998-02-01,704.2,64.0,8866.48,65.9,1584.0,7416.5,139.0929,67.1,3.9,7.0425,152200.0,2019.9755489124861,896.0,1647.0,274838.0,139.6,4.9621450849358215,7.0,87.37299999999999,5997.0,4.6
1998-03-01,708.3,64.0,8866.48,65.9,1567.0,7464.0,137.3363,67.1,4.1,7.1275,152200.0,2073.1670495739786,905.0,1605.0,275047.0,139.8,4.9621450849358215,7.1,87.87700000000001,5969.0,4.7
1998-04-01,712.9,64.1,8969.699,66.0,1540.0,7501.7,138.0548,67.0,4.0,7.14,149500.0,2104.2276075953914,906.0,1547.0,275304.0,144.0,4.9621450849358215,6.9,88.55799999999999,6049.0,4.3
1998-05-01,718.5,64.1,8969.699,66.0,1536.0,7547.0,139.0633,67.0,3.9,7.144,149500.0,2055.428751307141,912.0,1554.0,275564.0,144.3,4.962844630259907,6.6,89.374,6087.0,4.4
1998-06-01,725.9,64.0,8969.699,66.0,1641.0,7584.4,138.7419,67.0,3.8,6.9975,149500.0,2058.3845958528036,927.0,1551.0,275836.0,145.5,4.962844630259907,6.5,90.195,6130.0,4.5
1998-07-01,731.3,64.0,9121.097,66.8,1698.0,7616.9,141.7337,67.0,4.0,6.952,153000.0,2184.2039801162223,938.0,1610.0,276115.0,146.1,4.962844630259907,6.6,90.859,6172.0,4.5
1998-08-01,739.2,63.9,9121.097,66.8,1614.0,7656.2,139.1771,67.0,4.1,6.9225,153000.0,2138.273063903711,941.0,1654.0,276418.0,146.4,4.962844630259907,6.5,91.407,6215.0,4.5
1998-09-01,739.4,64.2,9121.097,66.8,1582.0,7678.1,141.3677,67.2,4.1,6.7225,153000.0,2036.221040446059,952.0,1577.0,276714.0,146.5,4.962844630259907,6.1,91.751,6225.0,4.6
1998-10-01,745.3,64.1,9293.991,66.4,1715.0,7708.8,138.9738,67.2,4.0,6.71,153000.0,2036.221040446059,972.0,1719.0,277003.0,146.4,4.962844630259907,5.9,91.999,6262.0,4.5
1998-11-01,748.7,64.2,9293.991,66.4,1660.0,7745.7,143.228,67.1,3.5,6.865,153000.0,2261.359299877298,976.0,1672.0,277277.0,146.5,4.962844630259907,6.0,92.197,6301.0,4.4
1998-12-01,754.7,64.3,9293.991,66.4,1792.0,7771.8,149.91,67.2,3.8,6.738,153000.0,2008.1648128109632,1003.0,1742.0,277526.0,146.5,4.962844630259907,5.5,92.443,6378.0,4.4
1999-01-01,764.5,64.4,9411.682,66.7,1748.0,7813.1,143.0987,67.2,3.9,6.785,157400.0,2253.9346278318208,973.0,1732.0,277790.0,147.4,4.973279507552487,6.1,92.714,6357.0,4.3
1999-02-01,773.9,64.2,9411.682,66.7,1670.0,7840.9,146.9786,67.2,4.0,6.8075,157400.0,2046.5625150751937,989.0,1720.0,277992.0,147.5,4.980176086611547,6.0,92.981,6429.0,4.4
1999-03-01,778.0,64.2,9411.682,66.7,1710.0,7855.9,140.1138,67.0,4.1,7.04,157400.0,2363.944777833138,994.0,1665.0,278198.0,148.0,4.980176086611547,5.6,93.611,6402.0,4.2
1999-04-01,783.6,64.2,9526.21,66.6,1553.0,7871.1,135.8202,67.1,3.9,6.916,158700.0,2225.7322419170177,991.0,1600.0,278451.0,149.1,4.969118613893322,4.7,94.436,6480.0,4.3
1999-05-01,792.2,64.3,9526.21,66.6,1611.0,7894.2,133.8325,67.1,4.0,7.145,158700.0,2289.5843256809335,989.0,1640.0,278717.0,149.9,4.9684234452869465,4.4,95.36,6516.0,4.2
1999-06-01,798.5,64.2,9526.21,66.6,1559.0,7925.1,133.9478,67.1,3.9,7.55,158700.0,2326.74945076098,981.0,1702.0,279001.0,149.9,4.970507503005476,4.3,96.363,6547.0,4.3
1999-07-01,803.7,64.2,9686.626,67.0,1669.0,7965.8,131.7943,67.1,4.0,7.632,159100.0,2250.9651068544745,983.0,1682.0,279295.0,149.7,4.970507503005476,4.4,97.192,6571.0,4.3
1999-08-01,806.1,64.2,9686.626,67.0,1648.0,8016.9,133.2683,67.0,4.0,7.9425,159100.0,2200.513909960524,989.0,1671.0,279602.0,149.8,4.970507503005476,4.3,97.897,6586.0,4.2
1999-09-01,810.0,64.2,9686.626,67.0,1635.0,8041.2,131.4058,67.0,4.5,7.8225,159100.0,2319.3139956974505,983.0,1551.0,279903.0,149.8,4.970507503005476,3.7,98.399,6613.0,4.2
1999-10-01,811.5,64.3,9900.169,66.9,1608.0,8102.4,136.7582,67.0,4.2,7.852,165300.0,2245.026662493626,983.0,1649.0,280203.0,149.5,4.971201224850849,4.0,98.832,6640.0,4.1
1999-11-01,819.6,64.4,9900.169,66.9,1648.0,8165.3,148.7383,67.1,4.3,7.7375,165300.0,2249.480421020768,983.0,1672.0,280471.0,149.4,4.971201224850849,4.1,99.149,6687.0,4.1
1999-12-01,822.8,64.4,9900.169,66.9,1708.0,8251.2,148.3553,67.1,4.3,7.912,165300.0,2343.111699331861,983.0,1683.0,280716.0,149.0,4.971201224850849,3.7,99.543,6709.0,4.0
2000-01-01,832.5,64.6,10002.179,67.1,1636.0,8348.0,144.613,67.3,4.3,8.21,165300.0,2216.8299870620604,991.0,1727.0,280976.0,149.1,4.971201224850849,4.5,100.0,6752.0,4.0
2000-02-01,834.3,64.6,10002.179,67.1,1737.0,8408.8,143.9732,67.3,4.3,8.325,165300.0,2369.8988041991515,998.0,1692.0,281190.0,148.3,4.974662633637438,4.0,100.571,6730.0,4.1
2000-03-01,843.2,64.6,10002.179,67.1,1604.0,8468.3,151.6946,67.3,4.3,8.24,165300.0,2410.1082884560037,988.0,1651.0,281409.0,148.1,4.974662633637438,3.8,101.466,6811.0,4.0
2000-04-01,834.0,64.7,10247.72,67.2,1626.0,8506.8,142.1024,67.3,4.4,8.1525,163200.0,2270.270541965109,989.0,1597.0,281653.0,148.6,4.974662633637438,4.3,102.541,6794.0,3.8
2000-05-01,827.9,64.4,10247.72,67.2,1575.0,8544.5,143.7562,67.1,4.4,8.515,163200.0,2377.3424063985485,985.0,1543.0,281877.0,149.1,5.011967739330034,4.3,103.702,6770.0,4.0
2000-06-01,826.7,64.5,10247.72,67.2,1559.0,8597.8,140.99,67.1,4.8,8.288,163200.0,2151.6027275769884,982.0,1572.0,282126.0,149.3,4.9788005705762375,4.3,104.855,6778.0,4.0
2000-07-01,828.9,64.2,10318.165,67.7,1463.0,8665.3,140.54,66.9,4.1,8.1475,168800.0,2099.7889498380823,979.0,1542.0,282385.0,149.3,4.9788005705762375,4.7,105.722,6794.0,4.0
2000-08-01,822.2,64.2,10318.165,67.7,1541.0,8712.2,144.0,66.9,4.4,8.0275,168800.0,2215.3464543793343,976.0,1552.0,282653.0,148.8,4.9788005705762375,4.8,106.522,6796.0,4.1
2000-09-01,818.2,64.2,10318.165,67.7,1507.0,8757.7,142.1897,66.9,4.0,7.912,168800.0,2148.640216394873,970.0,1570.0,282932.0,148.6,4.9788005705762375,4.1,107.135,6807.0,3.9
2000-10-01,813.2,64.2,10435.744,67.5,1549.0,8792.1,143.4779,66.8,4.0,7.795,172900.0,2126.428018042737,972.0,1577.0,283201.0,148.4,4.9788005705762375,4.3,107.728,6814.0,3.9
2000-11-01,805.8,64.3,10435.744,67.5,1551.0,8809.9,137.4387,66.9,4.2,7.745,172900.0,2164.9365902454997,970.0,1614.0,283453.0,148.6,4.9788005705762375,4.3,108.291,6817.0,3.9
2000-12-01,797.2,64.4,10435.744,67.5,1532.0,8844.0,130.5541,67.0,3.6,7.382,172900.0,2138.273063903711,969.0,1543.0,283696.0,147.5,4.978112102390695,4.1,108.791,6792.0,3.9
2001-01-01,782.8,64.4,10470.231,67.5,1600.0,8940.9,139.6751,67.2,3.8,7.0325,169800.0,2042.1301284830574,986.0,1699.0,283920.0,148.3,4.978112102390695,4.5,109.214,6824.0,4.2
2001-02-01,781.8,64.3,10470.231,67.5,1625.0,8975.8,143.9848,67.1,3.7,7.05,169800.0,2160.49150424029,987.0,1656.0,284137.0,148.0,4.978112102390695,4.6,109.642,6841.0,4.2
2001-03-01,775.5,64.3,10470.231,67.5,1590.0,9009.4,147.6021,67.2,3.8,6.952,169800.0,2062.818767151788,1001.0,1659.0,284350.0,147.4,4.978112102390695,4.9,110.394,6862.0,4.3
2001-04-01,772.8,64.0,10599.0,67.7,1649.0,9008.9,152.7133,66.9,3.9,7.0775,179000.0,2216.8299870620604,1007.0,1666.0,284581.0,148.9,5.003946305945459,4.8,111.248,6844.0,4.4
2001-05-01,775.0,63.8,10599.0,67.7,1605.0,9011.1,149.6911,66.7,4.0,7.145,179000.0,2102.7480020791277,1015.0,1665.0,284810.0,148.8,5.012633296758929,4.3,112.203,6849.0,4.3
2001-06-01,779.6,63.7,10599.0,67.7,1636.0,9017.1,147.0751,66.7,4.2,7.16,179000.0,2335.67359114385,1013.0,1626.0,285062.0,148.6,5.012633296758929,4.2,113.272,6840.0,4.5
2001-07-01,781.6,63.7,10598.02,68.1,1670.0,9014.6,147.7865,66.8,4.2,7.1275,172500.0,2228.7000628137002,1017.0,1598.0,285309.0,149.1,5.012633296758929,5.4,114.226,6845.0,4.6
2001-08-01,781.8,63.2,10598.02,68.1,1567.0,9001.4,145.3626,66.5,4.4,6.95,172500.0,2277.6979357940677,1011.0,1615.0,285570.0,149.1,5.012633296758929,6.5,114.987,6827.0,4.9
2001-09-01,782.9,63.5,10598.02,68.1,1562.0,8975.3,143.2876,66.8,4.4,6.8175,172500.0,2182.7215654634424,1014.0,1565.0,285843.0,149.1,5.012633296758929,6.9,115.465,6813.0,5.0
2001-10-01,785.9,63.2,10660.465,68.0,1540.0,8987.3,146.5655,66.7,4.3,6.6175,171100.0,2253.9346278318208,1008.0,1566.0,286098.0,149.4,5.012633296758929,2.9,115.681,6804.0,5.3
2001-11-01,787.2,63.0,10660.465,68.0,1602.0,8985.1,151.3362,66.7,4.1,6.658,171100.0,2188.6515308133817,1011.0,1651.0,286341.0,149.1,5.012633296758929,3.4,115.839,6784.0,5.5
2001-12-01,789.2,62.9,10660.465,68.0,1568.0,8990.7,149.4688,66.7,3.8,7.065,171100.0,2393.7224975106196,996.0,1680.0,286570.0,149.0,5.012633296758929,3.7,116.056,6785.0,5.7
2002-01-01,785.8,62.7,10783.5,67.8,1698.0,9015.6,154.1368,66.5,4.2,6.9975,188700.0,2302.9602640191174,996.0,1665.0,286788.0,148.8,5.012633296758929,5.6,116.437,6775.0,5.7
2002-02-01,794.9,63.0,10783.5,67.8,1829.0,9031.9,153.3106,66.8,4.0,6.8925,188700.0,2360.968050371938,1005.0,1787.0,286994.0,148.4,5.012633296758929,5.4,116.917,6766.0,5.7
2002-03-01,798.8,62.8,10783.5,67.8,1642.0,9050.7,144.7966,66.6,4.1,7.014,188700.0,2194.5823129731793,1013.0,1691.0,287190.0,147.9,5.007965065540377,5.5,117.929,6755.0,5.7
2002-04-01,796.8,62.7,10887.46,67.6,1592.0,9099.9,142.7707,66.7,4.3,6.985,187200.0,2292.5564139775856,1011.0,1669.0,287397.0,151.8,5.017941869278694,5.4,119.209,6710.0,5.9
2002-05-01,799.3,62.9,10887.46,67.6,1764.0,9131.0,141.9094,66.7,4.0,6.806,187200.0,2411.598187244572,1019.0,1716.0,287623.0,152.2,5.017941869278694,6.1,120.788,6684.0,5.8
2002-06-01,798.7,62.7,10887.46,67.6,1717.0,9164.8,144.8674,66.6,4.2,6.65,187200.0,2239.089016501762,1023.0,1758.0,287864.0,151.9,5.020585624949423,6.1,122.333,6701.0,5.8
2002-07-01,800.8,62.7,10984.04,68.0,1655.0,9157.5,143.1601,66.5,4.2,6.485,178100.0,2277.6979357940677,1029.0,1738.0,288105.0,151.9,5.020585624949423,5.3,123.687,6688.0,5.8
2002-08-01,807.1,62.7,10984.04,68.0,1633.0,9175.3,142.5233,66.6,4.0,6.29,178100.0,2436.9336047630427,1013.0,1695.0,288360.0,152.7,5.020585624949423,5.2,124.729,6701.0,5.7
2002-09-01,809.4,63.0,10984.04,68.0,1804.0,9197.1,144.0017,66.7,3.9,6.0925,178100.0,2316.340152701039,1024.0,1803.0,288618.0,152.6,5.020585624949423,5.8,125.494,6702.0,5.7
2002-10-01,810.5,62.7,11061.433,68.3,1648.0,9229.6,140.5239,66.6,4.0,6.1125,190100.0,2256.9043476928277,1026.0,1799.0,288870.0,152.6,5.020585624949423,5.6,126.137,6689.0,5.7
2002-11-01,826.7,62.5,11061.433,68.3,1753.0,9258.8,141.7779,66.4,4.0,6.068,190100.0,2430.9711201639484,1031.0,1771.0,289106.0,152.0,5.020585624949423,5.6,126.643,6713.0,5.9
2002-12-01,816.8,62.4,11061.433,68.3,1788.0,9288.3,136.1994,66.3,4.0,6.0475,190100.0,2360.968050371938,1033.0,1896.0,289313.0,151.0,5.020585624949423,5.3,127.151,6700.0,6.0
2003-01-01,817.8,62.5,11174.129,68.0,1853.0,9290.1,145.7576,66.4,4.0,5.916,186000.0,2335.67359114385,1049.0,1808.0,289518.0,151.0,5.020585624949423,5.3,127.652,6704.0,5.8
2003-02-01,817.7,62.5,11174.129,68.0,1629.0,9296.2,130.6707,66.4,4.5,5.8425,186000.0,2386.276292851223,1044.0,1854.0,289714.0,151.1,5.0330488889331555,5.2,128.326,6667.0,5.9
2003-03-01,821.1,62.4,11174.129,68.0,1726.0,9333.8,139.9231,66.3,4.1,5.745,186000.0,2311.879752149643,1044.0,1757.0,289911.0,151.1,5.04148775757902,4.9,129.308,6654.0,5.9
2003-04-01,828.9,62.4,11312.766,68.0,1643.0,9356.4,143.4302,66.4,4.1,5.8125,191800.0,2347.5751406848726,1043.0,1803.0,290125.0,150.7,5.046002437933547,5.0,130.488,6689.0,6.0
2003-05-01,829.0,62.3,11312.766,68.0,1751.0,9414.4,143.716,66.4,3.9,5.484,191800.0,2453.334256819199,1047.0,1835.0,290346.0,151.1,5.046002437933547,5.3,131.839,6706.0,6.1
2003-06-01,836.9,62.3,11312.766,68.0,1867.0,9455.3,146.5043,66.5,3.5,5.23,191800.0,2316.340152701039,1064.0,1875.0,290584.0,151.2,5.046002437933547,5.1,133.225,6723.0,6.3
2003-07-01,836.7,62.1,11566.669,68.4,1897.0,9491.6,151.803,66.2,3.6,5.6325,191900.0,2374.364823140646,1078.0,1885.0,290820.0,151.0,5.046002437933547,5.9,134.64700000000002,6735.0,6.2
2003-08-01,840.2,62.1,11566.669,68.4,1833.0,9538.8,152.498,66.1,3.5,6.264,191900.0,2210.89615943995,1102.0,1966.0,291072.0,150.6,5.046002437933547,5.7,135.966,6760.0,6.1
2003-09-01,850.2,62.0,11566.669,68.4,1939.0,9582.5,154.9852,66.1,3.8,6.1475,191900.0,2432.461671691893,1121.0,1961.0,291321.0,150.2,5.046002437933547,4.9,137.076,6783.0,6.1
2003-10-01,854.6,62.1,11772.234,68.6,1967.0,9620.4,162.1132,66.1,3.8,5.952,198800.0,2445.8787218060147,1135.0,2012.0,291574.0,149.6,5.046002437933547,5.0,137.975,6784.0,6.0
2003-11-01,858.5,62.3,11772.234,68.6,2083.0,9688.2,156.7902,66.1,4.1,5.9325,198800.0,2392.2331622618026,1158.0,1918.0,291807.0,149.5,5.046002437933547,5.0,138.765,6796.0,5.8
2003-12-01,863.3,62.2,11772.234,68.6,2057.0,9713.2,160.271,65.9,4.0,5.876,198800.0,2427.9901565050545,1183.0,1987.0,292008.0,149.4,5.046002437933547,5.0,139.627,6827.0,5.7
2004-01-01,866.4,62.3,11923.447,68.6,1911.0,9731.8,152.7907,66.1,3.8,5.7125,212700.0,2417.5582500606515,1191.0,1952.0,292192.0,149.4,5.046002437933547,4.6,140.705,6848.0,5.7
2004-02-01,867.3,62.3,11923.447,68.6,1846.0,9765.4,149.9506,66.0,3.7,5.635,212700.0,2430.9711201639484,1197.0,1966.0,292368.0,149.5,5.046002437933547,4.6,142.029,6838.0,5.6
2004-03-01,875.7,62.2,11923.447,68.6,1998.0,9815.8,169.2419,66.0,3.6,5.445,212700.0,2544.383607345171,1219.0,2066.0,292561.0,150.2,5.046002437933547,4.5,144.08,6887.0,5.8
2004-04-01,876.2,62.3,12112.815,69.2,2003.0,9865.8,170.912,65.9,4.0,5.83,217600.0,2759.9688477993204,1222.0,2070.0,292779.0,152.1,5.053694783556702,4.9,146.18,6901.0,5.6
2004-05-01,890.8,62.3,12112.815,69.2,1981.0,9950.0,166.8739,66.0,3.8,6.27,217600.0,2692.5031695235443,1233.0,2150.0,292997.0,153.6,5.053694783556702,4.8,148.335,6948.0,5.6
2004-06-01,891.3,62.4,12112.815,69.2,1828.0,9988.4,161.1205,66.1,3.9,6.2875,217600.0,2638.5923349269765,1229.0,2020.0,293223.0,153.9,5.053694783556702,5.4,150.518,6962.0,5.6
2004-07-01,898.6,62.5,12305.307,69.0,2002.0,10033.0,165.4313,66.1,4.5,6.056,213500.0,2674.5267387061267,1247.0,2112.0,293463.0,154.4,5.053694783556702,4.7,152.33700000000002,6977.0,5.5
2004-08-01,903.4,62.4,12305.307,69.0,2024.0,10078.2,165.3898,66.0,4.3,5.8675,213500.0,2719.4792481742757,1238.0,2056.0,293719.0,157.7,5.053694783556702,4.7,153.814,7003.0,5.4
2004-09-01,910.4,62.3,12305.307,69.0,1905.0,10110.5,164.6773,65.8,4.1,5.754,213500.0,2547.3716709596497,1247.0,2041.0,293971.0,160.4,5.053694783556702,4.1,155.108,7029.0,5.4
2004-10-01,918.3,62.3,12527.214,69.2,2072.0,10159.3,159.7799,65.9,3.9,5.7225,228800.0,2611.6578306826646,1264.0,2097.0,294230.0,160.4,5.053694783556702,3.9,156.298,7077.0,5.5
2004-11-01,923.5,62.5,12527.214,69.2,1782.0,10171.5,155.9717,66.0,4.3,5.73,228800.0,2490.6291482337842,1268.0,2079.0,294466.0,161.4,5.053694783556702,3.4,157.496,7091.0,5.4
2004-12-01,927.4,62.4,12527.214,69.2,2042.0,10520.8,165.2899,65.9,4.1,5.752,228800.0,2734.47184726679,1280.0,2082.0,294694.0,161.5,5.053694783556702,6.2,158.67,7117.0,5.4
2005-01-01,932.1,62.4,12767.286,69.1,2144.0,10247.0,162.337,65.8,4.4,5.71,232500.0,2691.004900002562,1302.0,2139.0,294914.0,166.8,5.056245805348308,2.7,160.13,7095.0,5.3
2005-02-01,938.0,62.4,12767.286,69.1,2207.0,10282.7,166.6182,65.9,4.3,5.6275,232500.0,2714.9822866296054,1322.0,2114.0,295105.0,168.8,5.0912931971137105,2.3,161.924,7153.0,5.4
2005-03-01,942.5,62.4,12767.286,69.1,1864.0,10347.9,164.584,65.9,4.1,5.928,232500.0,2533.9267906232344,1311.0,2062.0,295287.0,169.0,5.076423034634259,2.5,164.576,7181.0,5.2
2005-04-01,947.9,62.7,12922.656,68.6,2061.0,10412.1,160.4395,66.1,4.3,5.855,233700.0,2743.4694144271957,1324.0,2150.0,295490.0,171.8,5.101085197018328,2.1,166.99900000000002,7266.0,5.2
2005-05-01,953.0,62.8,12922.656,68.6,2025.0,10464.1,164.6264,66.1,4.2,5.72,233700.0,3008.047758219617,1322.0,2085.0,295704.0,172.2,5.101085197018328,2.6,169.544,7294.0,5.1
2005-06-01,958.8,62.7,12922.656,68.6,2068.0,10498.0,164.5805,66.1,4.3,5.582,233700.0,2800.488667333855,1329.0,2178.0,295936.0,172.5,5.101085197018328,2.0,172.015,7333.0,5.0
2005-07-01,964.7,62.8,13142.642,68.8,2054.0,10558.3,157.5149,66.1,4.2,5.695,236400.0,2682.016174133414,1338.0,2203.0,296186.0,179.0,5.101085197018328,1.4,174.09799999999998,7353.0,5.0
2005-08-01,964.8,62.9,13142.642,68.8,2095.0,10619.6,158.9917,66.2,4.5,5.82,236400.0,2780.9753773644884,1356.0,2219.0,296440.0,179.2,5.101085197018328,2.0,175.923,7394.0,4.9
2005-09-01,967.6,62.8,13142.642,68.8,2151.0,10687.7,160.2513,66.1,4.7,5.774,236400.0,2735.9713374143807,1377.0,2263.0,296707.0,180.2,5.101085197018328,2.0,177.611,7415.0,5.0
2005-10-01,972.8,62.8,13324.204,69.0,2065.0,10767.3,161.7801,66.1,4.5,6.065,243600.0,2795.9849851313625,1376.0,2170.0,296972.0,180.3,5.101085197018328,2.3,178.752,7460.0,5.0
2005-11-01,985.7,62.7,13324.204,69.0,2147.0,10815.4,166.926,66.0,5.0,6.33,243600.0,2713.4833835581817,1395.0,2218.0,297207.0,180.6,5.101085197018328,2.6,179.673,7524.0,5.0
2005-12-01,995.7,62.8,13324.204,69.0,1994.0,10853.1,170.1105,66.0,4.9,6.272,243600.0,2764.46956490741,1405.0,2120.0,297431.0,181.3,5.101694025043223,2.5,180.107,7533.0,4.9
2006-01-01,1008.1,62.9,13599.16,68.5,2273.0,11038.6,192.0322,66.0,5.3,6.145,247700.0,2907.182140522636,1424.0,2212.0,297647.0,191.0,5.126342101808226,3.0,180.828,7601.0,4.7
2006-02-01,1012.7,63.0,13599.16,68.5,2119.0,11102.6,186.9827,66.1,6.1,6.2525,247700.0,2925.234725731925,1423.0,2141.0,297854.0,191.5,5.135210028677887,3.2,181.5,7664.0,4.8
2006-03-01,1017.8,63.1,13599.16,68.5,1969.0,11171.8,174.864,66.2,5.9,6.324,247700.0,3222.3858994516513,1423.0,2118.0,298060.0,195.3,5.135210028677887,3.3,182.749,7689.0,4.7
2006-04-01,1022.0,63.0,13753.424,68.7,1821.0,11229.5,165.8735,66.1,6.3,6.5075,246300.0,2959.851323199914,1401.0,1998.0,298281.0,196.7,5.138148614395216,3.1,183.648,7726.0,4.7
2006-05-01,1016.6,63.1,13753.424,68.7,1942.0,11251.1,160.6514,66.1,6.2,6.5975,246300.0,2698.4966712380815,1409.0,1905.0,298496.0,197.6,5.138148614395216,2.9,184.38,7713.0,4.6
2006-06-01,1007.8,63.1,13753.424,68.7,1802.0,11292.8,161.3281,66.2,6.3,6.682,246300.0,2928.244041592419,1383.0,1867.0,298739.0,197.8,5.138148614395216,2.9,184.547,7699.0,4.6
2006-07-01,1007.3,63.0,13870.188,69.0,1737.0,11322.1,152.8727,66.1,7.3,6.7625,235600.0,2753.9684720875694,1363.0,1763.0,298996.0,199.4,5.138148614395216,2.3,184.608,7712.0,4.7
2006-08-01,1009.2,63.1,13870.188,69.0,1650.0,11346.8,153.7995,66.2,6.7,6.524,235600.0,2668.535957755314,1339.0,1722.0,299263.0,200.0,5.138148614395216,2.5,184.405,7720.0,4.7
2006-09-01,1011.6,63.1,13870.188,69.0,1720.0,11383.9,149.9671,66.1,6.7,6.4025,235600.0,2869.5909229465246,1317.0,1655.0,299554.0,201.0,5.138148614395216,2.4,184.198,7718.0,4.5
2006-10-01,1005.8,63.3,14039.56,68.9,1491.0,11417.8,151.0867,66.2,7.3,6.3575,245400.0,2729.9736277040784,1283.0,1570.0,299835.0,201.0,5.138148614395216,2.4,184.054,7682.0,4.4
2006-11-01,996.0,63.3,14039.56,68.9,1570.0,11479.3,153.3176,66.3,6.6,6.24,245400.0,2692.5031695235443,1265.0,1535.0,300094.0,200.9,5.138148614395216,2.7,183.631,7666.0,4.5
2006-12-01,989.5,63.4,14039.56,68.9,1649.0,11587.6,167.7527,66.4,6.5,6.135,245400.0,2685.012246184939,1247.0,1638.0,300340.0,200.8,5.138148614395216,2.6,183.229,7685.0,4.4
2007-01-01,982.5,63.3,14215.651,68.4,1409.0,11647.1,159.9997,66.4,7.2,6.2175,257400.0,2586.232645004154,1217.0,1626.0,300574.0,206.3,5.161351511474879,2.4,182.718,7725.0,4.6
2007-02-01,977.3,63.3,14215.651,68.4,1480.0,11734.2,153.1247,66.3,7.9,6.285,257400.0,2314.853303963497,1206.0,1598.0,300802.0,204.3,5.162497643405501,2.8,182.471,7626.0,4.5
2007-03-01,973.2,63.3,14215.651,68.4,1495.0,11821.4,154.2676,66.2,7.9,6.156,257400.0,2289.5843256809335,1192.0,1596.0,301021.0,205.1,5.174453379325651,3.0,182.194,7706.0,4.4
2007-04-01,966.8,63.0,14402.082,68.2,1490.0,11868.1,152.5383,65.9,7.4,6.18,242200.0,2164.9365902454997,1181.0,1470.0,301254.0,210.0,5.244389024522481,3.0,182.131,7686.0,4.5
2007-05-01,965.1,63.0,14402.082,68.2,1415.0,11908.7,154.5282,66.0,7.8,6.262,242200.0,2160.49150424029,1164.0,1493.0,301483.0,209.3,5.244389024522481,2.8,181.884,7673.0,4.4
2007-06-01,964.0,63.0,14402.082,68.2,1448.0,11929.2,149.986,66.0,8.2,6.6575,242200.0,2079.0815337034014,1161.0,1407.0,301739.0,208.3,5.244389024522481,2.7,181.54,7687.0,4.6
2007-07-01,954.4,62.9,14564.117,68.2,1354.0,11955.7,150.4928,66.0,8.3,6.695,241800.0,2157.528371755411,1144.0,1361.0,302004.0,208.8,5.244389024522481,2.6,180.993,7660.0,4.7
2007-08-01,942.1,62.7,14564.117,68.2,1330.0,11963.1,149.1233,65.8,9.2,6.572,241800.0,2124.9476227216846,1123.0,1321.0,302267.0,208.3,5.244389024522481,2.2,180.234,7610.0,4.6
2007-09-01,936.5,62.9,14564.117,68.2,1183.0,12025.5,149.8047,66.0,9.2,6.3825,241800.0,1894.6697772058649,1108.0,1261.0,302546.0,210.7,5.244389024522481,2.3,179.122,7577.0,4.7
2007-10-01,921.6,62.7,14715.058,67.8,1264.0,12046.8,147.7916,65.8,8.5,6.375,238400.0,1966.85515666406,1096.0,1192.0,302807.0,210.2,5.244916589820922,2.2,177.53,7565.0,4.7
2007-11-01,895.0,62.9,14715.058,67.8,1197.0,12102.8,151.5488,66.0,9.4,6.208,238400.0,1944.7430532596795,1080.0,1224.0,303054.0,210.1,5.244916589820922,1.9,175.162,7523.0,4.7
2007-12-01,896.4,62.7,14715.058,67.8,1037.0,12182.7,145.0394,66.0,9.6,6.095,238400.0,1853.4833343418688,1059.0,1149.0,303287.0,209.1,5.244916589820922,2.4,173.338,7490.0,5.0
2008-01-01,886.6,62.9,14706.538,67.8,1084.0,12227.8,148.6468,66.2,9.3,5.758,233900.0,1857.8939611659048,1041.0,1094.0,303506.0,208.5,5.247024072160486,2.6,171.077,7476.0,5.0
2008-02-01,874.5,62.8,14706.538,67.8,1103.0,12264.9,145.2225,66.0,9.7,5.9175,233900.0,1774.184390720425,1025.0,1014.0,303711.0,208.9,5.247024072160486,3.0,169.19099999999997,7453.0,4.9
2008-03-01,867.3,62.7,14706.538,67.8,1005.0,12314.7,141.695,66.1,10.15,5.97,233900.0,1658.49895718507,1014.0,967.0,303907.0,208.9,5.247024072160486,2.9,167.90400000000002,7406.0,5.1
2008-04-01,854.6,62.7,14865.701,68.1,1013.0,12302.6,141.7131,65.9,10.15,5.9175,235300.0,1406.629117733576,1009.0,1008.0,304117.0,210.4,5.247024072160486,2.4,167.324,7327.0,5.0
2008-05-01,840.8,62.5,14865.701,68.1,973.0,12879.3,137.6036,66.1,10.15,6.036,235300.0,1581.114830560473,991.0,995.0,304323.0,207.7,5.243333058215277,6.8,167.021,7274.0,5.4
2008-06-01,824.8,62.4,14865.701,68.1,1046.0,12661.0,134.7346,66.1,10.15,6.32,235300.0,1581.114830560473,975.0,1180.0,304556.0,204.1,5.243333058215277,4.6,166.537,7213.0,5.6
2008-07-01,812.7,62.2,14898.999,67.9,923.0,12514.8,135.0042,66.1,10.15,6.426,226500.0,1501.0137520029034,955.0,921.0,304798.0,207.9,5.245443876940969,3.6,165.713,7160.0,5.8
2008-08-01,800.3,62.0,14898.999,67.9,844.0,12426.0,126.4443,66.1,10.15,6.4775,226500.0,1399.3818093945385,936.0,858.0,305045.0,207.9,5.255931650051599,3.1,164.27700000000002,7114.0,6.1
2008-09-01,782.5,61.9,14898.999,67.9,820.0,12445.0,122.5937,66.0,10.15,6.0375,226500.0,1607.3751113340675,904.0,797.0,305309.0,207.5,5.258536496536192,3.9,161.912,7044.0,6.1
2008-10-01,766.4,61.7,14608.209,67.5,777.0,12446.5,118.4615,66.0,10.15,6.2,222500.0,1454.5085522510801,876.0,736.0,305554.0,207.8,5.288771953704505,4.9,159.16299999999998,6967.0,6.5
2008-11-01,747.5,61.4,14608.209,67.5,652.0,12387.1,110.4791,65.9,10.15,6.0875,222500.0,1485.0192122823255,842.0,626.0,305786.0,207.3,5.288771953704505,6.0,156.072,6813.0,6.8
2008-12-01,732.4,61.0,14608.209,67.5,560.0,12238.5,103.7368,65.8,10.15,5.286,222500.0,1405.1795039371582,806.0,554.0,306004.0,206.9,5.288771953704505,5.8,152.545,6701.0,7.3
2009-01-01,712.1,60.6,14430.902,67.3,490.0,12125.6,95.2495,65.7,10.15,5.0475,208400.0,1053.9386801776568,783.0,545.0,306208.0,211.1,5.288771953704505,5.9,149.363,6567.0,7.8
2009-02-01,688.8,60.3,14430.902,67.3,582.0,12007.4,97.6872,65.8,10.15,5.13,208400.0,1114.0228353099908,756.0,558.0,306402.0,207.2,5.288771953704505,5.4,147.618,6446.0,8.3
2009-03-01,667.1,59.9,14430.902,67.3,505.0,11965.3,86.881,65.6,10.15,5.0025,208400.0,1142.6928809958827,717.0,513.0,306588.0,205.1,5.288771953704505,5.8,146.515,6291.0,8.7
2009-04-01,655.8,59.8,14381.236,67.4,478.0,12009.4,81.9703,65.7,10.15,4.81,220900.0,1152.73608584622,677.0,521.0,306787.0,209.5,5.288771953704505,6.5,146.94299999999998,6154.0,9.0
2009-05-01,643.9,59.6,14381.236,67.4,540.0,12179.6,78.8737,65.7,9.3,4.8575,220900.0,1112.5903087601228,650.0,556.0,306984.0,207.6,5.288267030694535,7.8,148.16899999999998,6100.0,9.4
2009-06-01,634.9,59.4,14381.236,67.4,585.0,12042.9,78.7749,65.7,8.5,5.42,220900.0,1082.5290674423263,627.0,601.0,307206.0,204.9,5.288267030694535,6.1,149.797,6010.0,9.5
2009-07-01,629.1,59.3,14448.882,67.6,594.0,11998.4,79.6953,65.5,7.9,5.222,214300.0,1082.5290674423263,611.0,595.0,307439.0,203.1,5.288267030694535,5.4,150.749,5932.0,9.5
2009-08-01,620.8,59.1,14448.882,67.6,586.0,12011.2,77.1998,65.4,7.5,5.1925,214300.0,1075.377832925917,588.0,616.0,307685.0,202.1,5.288267030694535,4.4,150.66899999999998,5855.0,9.6
2009-09-01,612.8,58.7,14448.882,67.6,585.0,12061.1,76.367,65.1,7.8,5.0575,214300.0,974.0981358105283,576.0,609.0,307946.0,201.9,5.288267030694535,5.5,149.628,5787.0,9.8
2009-10-01,606.4,58.5,14651.249,67.2,534.0,12069.4,67.7512,65.0,7.4,4.952,219000.0,1009.7017101545936,554.0,583.0,308189.0,200.6,5.288267030694535,5.1,148.585,5716.0,10.0
2009-11-01,602.3,58.6,14651.249,67.2,588.0,12129.6,74.3749,65.0,7.6,4.875,219000.0,1149.86614333362,532.0,623.0,308418.0,199.9,5.288267030694535,5.5,147.939,5696.0,9.9
2009-12-01,596.2,58.3,14651.249,67.2,581.0,12188.2,69.8002,64.6,8.0,4.93,219000.0,1015.4042653770782,517.0,664.0,308633.0,198.5,5.288267030694535,5.4,146.664,5654.0,9.9
2010-01-01,583.1,58.5,14764.61,67.1,614.0,12267.7,68.4778,64.8,8.1,5.03,222900.0,928.6221739144515,501.0,636.0,308833.0,198.4,5.285738584341177,5.6,145.003,5580.0,9.8
2010-02-01,578.3,58.5,14764.61,67.1,604.0,12267.6,66.3508,64.9,8.3,4.99,222900.0,901.6739162741601,493.0,650.0,309027.0,197.9,5.285738584341177,5.3,143.053,5500.0,9.8
2010-03-01,580.3,58.5,14764.61,67.1,636.0,12330.9,74.3844,64.9,7.1,4.9675,222900.0,852.140169865476,492.0,687.0,309212.0,196.3,5.285738584341177,5.3,143.597,5537.0,9.9
2010-04-01,579.8,58.7,14980.193,66.9,687.0,12441.8,83.5931,65.2,6.2,5.098,219500.0,996.8769545906717,488.0,637.0,309191.211,194.6,5.2832037287379885,6.0,145.404,5553.0,9.9
2010-05-01,578.1,58.6,14980.193,66.9,583.0,12543.7,81.0539,64.9,9.3,4.8875,219500.0,947.083445106772,476.0,575.0,309367.58,193.3,5.2832037287379885,6.4,147.04,5520.0,9.6
2010-06-01,577.2,58.5,14980.193,66.9,536.0,12550.7,79.9611,64.6,8.3,4.7375,219500.0,1221.7218219677259,447.0,587.0,309545.555,192.3,5.2832037287379885,6.2,147.70600000000002,5516.0,9.4
2010-07-01,570.2,58.5,15141.607,66.9,546.0,12588.7,78.0626,64.6,8.9,4.564,224100.0,763.3524800019437,443.0,579.0,309741.279,191.7,5.2832037287379885,6.1,147.566,5508.0,9.4
2010-08-01,568.7,58.6,15141.607,66.9,599.0,12652.9,80.8866,64.7,8.8,4.4275,224100.0,791.4849867953175,444.0,580.0,309951.795,191.5,5.2832037287379885,6.2,146.431,5524.0,9.5
2010-09-01,568.0,58.5,15141.607,66.9,594.0,12673.4,80.733,64.6,7.6,4.346,224100.0,847.9011012162315,439.0,563.0,310168.926,190.8,5.2832037287379885,6.1,144.612,5501.0,9.5
2010-10-01,563.3,58.3,15309.474,66.5,543.0,12723.6,82.9329,64.4,8.2,4.225,224300.0,809.798507301874,436.0,558.0,310390.859,190.0,5.2832037287379885,5.9,143.13299999999998,5508.0,9.4
2010-11-01,560.8,58.2,15309.474,66.5,545.0,12765.5,82.6805,64.6,8.2,4.3,224300.0,735.2725448574199,431.0,560.0,310585.106,188.5,5.2832037287379885,5.8,141.82299999999998,5506.0,9.8
2010-12-01,559.7,58.3,15309.474,66.5,539.0,12873.1,80.3226,64.3,7.0,4.714,224300.0,753.5184332347881,427.0,632.0,310769.486,187.9,5.2832037287379885,6.2,140.632,5467.0,9.3
2011-01-01,556.9,58.3,15351.448,66.4,630.0,13080.7,79.0521,64.2,7.3,4.755,226900.0,690.4585353983675,431.0,576.0,310946.962,185.8,5.2832037287379885,6.6,139.04,5427.0,9.1
2011-02-01,559.0,58.4,15351.448,66.4,517.0,13155.6,82.803,64.1,8.1,4.9525,226900.0,823.9001855364764,424.0,542.0,311098.039,185.4,5.2832037287379885,6.9,137.735,5451.0,9.0
2011-03-01,562.4,58.4,15351.448,66.4,600.0,13178.2,80.3605,64.2,7.2,4.836,226900.0,790.0771392684144,420.0,583.0,311248.506,186.5,5.2832037287379885,6.3,137.78799999999998,5477.0,9.0
2011-04-01,563.5,58.4,15557.539,65.9,554.0,13212.8,80.2154,64.2,6.7,4.84,228100.0,731.0651984026898,417.0,581.0,311417.782,189.0,5.2832037287379885,6.3,139.16,5485.0,9.1
2011-05-01,560.1,58.3,15557.539,65.9,561.0,13239.1,83.0405,64.1,6.6,4.6375,228100.0,731.0651984026898,415.0,618.0,311587.063,188.0,5.297316866214453,6.3,140.694,5516.0,9.0
2011-06-01,567.5,58.2,15557.539,65.9,608.0,13295.7,85.5086,64.0,6.6,4.51,228100.0,773.1929657388399,416.0,636.0,311769.648,186.9,5.297316866214453,6.5,141.946,5528.0,9.1
2011-07-01,565.1,58.2,15647.68,66.3,623.0,13375.8,86.6224,64.0,6.7,4.545,223500.0,850.727027694035,417.0,621.0,311973.914,188.6,5.297316866214453,6.7,142.343,5547.0,9.0
2011-08-01,564.4,58.3,15647.68,66.3,585.0,13400.3,88.4423,64.1,6.5,4.27,223500.0,822.4894623974759,414.0,647.0,312180.558,187.8,5.297316866214453,6.7,141.787,5552.0,9.0
2011-09-01,565.6,58.4,15647.68,66.3,650.0,13401.5,87.5078,64.2,6.3,4.106,223500.0,806.979660944731,417.0,610.0,312402.633,189.3,5.297316866214453,6.4,140.16899999999998,5584.0,9.0
2011-10-01,571.7,58.4,15842.259,66.0,610.0,13406.4,88.3034,64.1,6.0,4.0675,221100.0,754.9228999999182,422.0,671.0,312616.001,180.8,5.3003153692107094,6.3,138.411,5588.0,8.8
2011-11-01,571.9,58.6,15842.259,66.0,711.0,13419.7,87.7571,64.1,5.7,3.9925,221100.0,781.6327368752317,433.0,706.0,312799.689,181.9,5.3003153692107094,6.4,136.667,5593.0,8.6
2011-12-01,575.0,58.6,15842.259,66.0,694.0,13548.9,92.3676,64.0,5.3,3.958,221100.0,816.8478006937296,434.0,697.0,312978.205,182.5,5.299816242671772,7.2,135.168,5611.0,8.5
2012-01-01,575.2,58.4,16068.805,65.4,723.0,13631.6,95.8403,63.7,5.3,3.915,238400.0,725.4573166319216,441.0,712.0,313149.997,185.4,5.299816242671772,7.4,134.168,5626.0,8.3
2012-02-01,576.8,58.5,16068.805,65.4,704.0,13731.1,95.3474,63.8,4.8,3.89,238400.0,747.9018978265369,450.0,738.0,313304.12,185.8,5.299816242671772,7.3,133.997,5629.0,8.3
2012-03-01,573.0,58.5,16068.805,65.4,695.0,13798.5,93.6095,63.8,4.9,3.954,238400.0,777.4122695879898,458.0,806.0,313462.838,185.2,5.299816242671772,7.6,135.865,5625.0,8.2
2012-04-01,572.0,58.4,16207.115,65.5,753.0,13868.1,94.8689,63.7,4.9,3.91,238700.0,903.0912365759657,463.0,732.0,313628.923,187.2,5.299816242671772,7.9,138.471,5618.0,8.2
2012-05-01,574.0,58.5,16207.115,65.5,708.0,13850.3,92.7701,63.7,4.7,3.798,238700.0,839.4261975869383,474.0,796.0,313790.652,188.7,5.307277107919509,7.9,141.048,5604.0,8.2
2012-06-01,576.2,58.6,16207.115,65.5,757.0,13837.1,91.4465,63.8,4.8,3.675,238700.0,838.014134930206,486.0,794.0,313976.041,188.8,5.3067814449601665,7.9,143.16899999999998,5621.0,8.2
2012-07-01,583.4,58.5,16319.541,65.5,740.0,13752.9,90.0581,63.7,4.6,3.55,248800.0,910.1795300140795,490.0,849.0,314167.558,188.3,5.3067814449601665,7.0,144.282,5632.0,8.2
2012-08-01,584.8,58.4,16319.541,65.5,754.0,13768.5,90.1465,63.5,4.6,3.602,248800.0,921.5266267172483,495.0,840.0,314377.381,189.0,5.3067814449601665,6.7,144.705,5648.0,8.1
2012-09-01,586.5,58.7,16319.541,65.5,847.0,13914.1,89.7802,63.6,4.5,3.4975,248800.0,876.1816589648637,511.0,930.0,314600.057,189.1,5.3067814449601665,7.2,144.358,5661.0,7.8
2012-10-01,582.7,58.8,16420.419,65.4,915.0,14049.2,91.4772,63.8,4.9,3.3825,251700.0,986.9079312842008,520.0,887.0,314805.556,188.8,5.3067814449601665,7.8,143.968,5674.0,7.8
2012-11-01,590.9,58.7,16420.419,65.4,833.0,14230.7,95.9137,63.6,4.6,3.352,251700.0,898.8396153286965,534.0,917.0,315003.708,189.1,5.3067814449601665,8.7,143.961,5684.0,7.7
2012-12-01,594.7,58.7,16420.419,65.4,976.0,14581.4,96.1474,63.7,4.5,3.345,251700.0,911.5975259814467,551.0,941.0,315180.866,188.3,5.3067814449601665,10.3,143.869,5724.0,7.9
2013-01-01,595.6,58.6,16648.189,65.0,888.0,13880.4,98.907,63.7,4.0,3.414,258400.0,964.1408693150856,559.0,940.0,315335.976,194.7,5.310245937413311,4.9,144.313,5746.0,8.0
2013-02-01,597.9,58.6,16648.189,65.0,962.0,13902.0,100.6487,63.4,4.1,3.5325,258400.0,985.4842014427027,581.0,980.0,315464.793,194.4,5.310245937413311,4.7,145.16299999999998,5784.0,7.7
2013-03-01,601.9,58.5,16648.189,65.0,1010.0,13932.2,100.5747,63.3,4.2,3.565,258400.0,1109.7255369031975,596.0,936.0,315605.141,194.6,5.310245937413311,4.8,147.96200000000002,5802.0,7.5
2013-04-01,607.6,58.6,16728.687,65.0,835.0,13974.9,95.5687,63.4,4.4,3.445,268100.0,961.2968930021008,606.0,1012.0,315759.039,196.2,5.322033893165353,5.1,150.969,5796.0,7.6
2013-05-01,610.4,58.6,16728.687,65.0,930.0,14052.5,99.5607,63.4,4.6,3.536,268100.0,955.6102236780841,620.0,1003.0,315923.105,197.5,5.322033893165353,5.3,153.86,5829.0,7.5
2013-06-01,610.8,58.6,16728.687,65.0,839.0,14083.9,101.1157,63.4,4.1,4.07,268100.0,995.452497083438,629.0,942.0,316108.76,197.5,5.322033893165353,5.4,156.428,5855.0,7.5
2013-07-01,610.6,58.7,16953.838,65.3,880.0,14072.0,101.9294,63.3,5.5,4.37,264800.0,1063.9408878298777,640.0,997.0,316294.766,197.2,5.322033893165353,5.2,158.28799999999998,5859.0,7.3
2013-08-01,613.8,58.7,16953.838,65.3,917.0,14117.3,103.143,63.3,5.5,4.456,264800.0,1036.8032767317268,654.0,964.0,316514.531,197.7,5.312220271717028,5.2,159.39600000000002,5878.0,7.2
2013-09-01,615.1,58.7,16953.838,65.3,850.0,14181.7,105.1505,63.2,5.4,4.49,264800.0,1052.5101859326019,661.0,1004.0,316738.543,197.6,5.312220271717028,5.3,159.675,5910.0,7.2
2013-10-01,621.2,58.3,17192.019,65.2,925.0,14152.3,103.4174,62.8,4.9,4.192,273600.0,1088.2517845355828,670.0,1044.0,316952.905,197.9,5.312220271717028,4.7,159.558,5931.0,7.2
2013-11-01,625.8,58.6,17192.019,65.2,1100.0,14209.6,100.2048,63.0,5.0,4.255,273600.0,1142.6928809958827,687.0,1029.0,317156.876,198.0,5.312220271717028,4.5,159.365,5963.0,6.9
2013-12-01,628.6,58.7,17192.019,65.2,1002.0,14266.5,99.2019,62.9,5.2,4.4575,273600.0,1055.367272801623,707.0,1005.0,317338.617,197.4,5.312220271717028,4.5,159.282,5932.0,6.7
2014-01-01,632.4,58.8,17197.738,64.8,888.0,14369.2,96.8279,62.9,5.1,4.432,275200.0,1141.2585025952883,713.0,976.0,317519.206,200.8,5.337538079701318,5.2,159.37,5985.0,6.6
2014-02-01,641.6,58.7,17197.738,64.8,944.0,14456.4,96.6639,62.9,5.3,4.3025,275200.0,1195.8283497368127,714.0,1039.0,317677.384,199.2,5.337538079701318,5.3,159.872,6007.0,6.7
2014-03-01,642.4,58.9,17197.738,64.8,970.0,14555.0,98.2095,63.1,5.6,4.3425,275200.0,1220.2825583977033,726.0,1067.0,317838.92,199.3,5.337538079701318,5.2,161.189,6038.0,6.7
2014-04-01,650.5,58.9,17518.508,64.7,1043.0,14624.5,99.8622,62.8,5.7,4.3375,288000.0,1135.5219059875847,743.0,1090.0,318009.154,207.0,5.337538079701318,5.4,162.969,6084.0,6.2
2014-05-01,650.0,58.9,17518.508,64.7,1007.0,14689.5,103.247,62.9,5.2,4.192,288000.0,1217.4042901102866,754.0,1018.0,318187.658,207.1,5.337538079701318,5.6,164.68400000000003,6109.0,6.3
2014-06-01,657.1,59.0,17518.508,64.7,911.0,14760.1,102.0049,62.8,5.7,4.1625,288000.0,1086.8209615940032,771.0,1010.0,318380.521,207.0,5.337538079701318,5.6,166.21400000000003,6133.0,6.1
2014-07-01,665.1,59.0,17804.228,64.4,1085.0,14821.1,104.798,62.9,6.2,4.13,281000.0,1142.6928809958827,790.0,1076.0,318576.955,207.0,5.337538079701318,5.5,167.138,6178.0,6.2
2014-08-01,669.8,59.0,17804.228,64.4,984.0,14894.2,103.4822,62.9,5.4,4.115,281000.0,1241.880517869635,793.0,1047.0,318806.531,207.8,5.337538079701318,5.3,167.452,6210.0,6.1
2014-09-01,677.3,59.1,17804.228,64.4,1023.0,14951.2,106.4102,62.8,5.4,4.1625,281000.0,1338.58058538609,797.0,1077.0,319036.2,208.8,5.337538079701318,5.5,167.243,6242.0,5.9
2014-10-01,674.1,59.3,17912.079,64.0,1074.0,15022.7,107.4771,62.9,5.3,4.036,298900.0,1259.1726550338476,806.0,1094.0,319262.799,210.5,5.337538079701318,5.4,166.91099999999997,6259.0,5.7
2014-11-01,676.7,59.2,17912.079,64.0,1001.0,15094.0,99.994,62.9,5.7,3.9975,298900.0,1177.1451765683453,814.0,1059.0,319471.435,210.3,5.337538079701318,5.6,166.65900000000002,6272.0,5.8
2014-12-01,672.6,59.3,17912.079,64.0,1073.0,15170.9,107.8144,62.8,5.1,3.864,298900.0,1309.6764970752056,826.0,1072.0,319651.541,210.0,5.338018733399589,6.0,166.46099999999998,6293.0,5.6
2015-01-01,680.1,59.3,18063.529,63.7,1085.0,15230.8,108.0196,62.9,4.8,3.67,289200.0,1308.2321373607829,830.0,1049.0,319832.19,217.3,5.343290732190768,6.3,166.25099999999998,6320.0,5.7
2015-02-01,680.4,59.2,18063.529,63.7,886.0,15313.3,98.3234,62.7,4.5,3.71,289200.0,1177.1451765683453,830.0,1127.0,319976.213,217.7,5.343290732190768,6.4,166.63299999999998,6361.0,5.5
2015-03-01,682.1,59.2,18063.529,63.7,960.0,15314.2,98.0626,62.6,5.1,3.77,289200.0,1059.653639753211,843.0,1072.0,320130.646,217.3,5.343290732190768,5.9,168.09,6334.0,5.4
2015-04-01,684.7,59.3,18279.784,63.4,1190.0,15373.5,102.8839,62.8,4.9,3.672,289100.0,1376.2032812052232,868.0,1166.0,320300.314,225.0,5.3442462984364365,5.9,169.97,6392.0,5.4
2015-05-01,690.0,59.4,18279.784,63.4,1079.0,15442.7,104.7122,62.9,5.0,3.84,289100.0,1392.136407971509,878.0,1272.0,320480.147,224.4,5.3442462984364365,5.8,171.85,6427.0,5.6
2015-06-01,688.5,59.4,18279.784,63.4,1205.0,15479.0,107.4307,62.7,5.4,3.9825,289100.0,1319.7892772090472,896.0,1379.0,320667.889,223.7,5.3442462984364365,5.7,173.451,6441.0,5.3
2015-07-01,697.7,59.3,18401.626,63.7,1146.0,15518.6,112.8845,62.6,5.2,4.046,295800.0,1357.385309038605,908.0,1140.0,320870.703,223.9,5.3442462984364365,5.6,174.49599999999998,6472.0,5.2
2015-08-01,698.2,59.4,18401.626,63.7,1130.0,15550.5,114.3793,62.6,5.0,3.905,295800.0,1337.134621696183,921.0,1165.0,321093.062,224.8,5.3442462984364365,5.6,174.938,6490.0,5.1
2015-09-01,699.8,59.2,18401.626,63.7,1224.0,15570.5,114.5231,62.4,5.9,3.89,295800.0,1432.7350814999454,939.0,1144.0,321316.348,224.1,5.3442462984364365,5.8,175.045,6508.0,5.0
2015-10-01,702.6,59.3,18435.137,63.8,1058.0,15608.0,113.241,62.5,5.6,3.796,302500.0,1353.0445755123674,943.0,1160.0,321539.88,224.3,5.3442462984364365,5.8,175.051,6547.0,5.0
2015-11-01,708.9,59.4,18435.137,63.8,1172.0,15615.4,112.7522,62.5,5.5,3.9425,302500.0,1374.7552782522928,962.0,1244.0,321741.248,223.8,5.3442462984364365,5.6,175.143,6598.0,5.1
2015-12-01,712.9,59.6,18435.137,63.8,1146.0,15668.4,119.8456,62.7,5.1,3.964,302500.0,1408.0788074534837,970.0,1211.0,321926.178,224.1,5.3442462984364365,5.8,175.11700000000002,6630.0,5.0
2016-01-01,714.2,59.7,18525.933,63.5,1092.0,15695.5,116.7888,62.7,5.6,3.8725,299800.0,1455.9607088589562,968.0,1171.0,322114.094,231.5,5.374352052824034,6.1,175.03799999999998,6631.0,4.8
2016-02-01,717.0,59.8,18525.933,63.5,1225.0,15695.9,119.0626,62.8,5.5,3.66,299800.0,1428.3823964423964,982.0,1172.0,322277.451,229.3,5.374352052824034,5.6,175.283,6640.0,4.9
2016-03-01,720.5,59.8,18525.933,63.5,1111.0,15731.6,118.9009,63.0,5.5,3.694,299800.0,1379.0995193238443,987.0,1118.0,322428.943,229.6,5.375278407684165,5.9,176.60299999999998,6678.0,5.0
2016-04-01,726.2,59.7,18711.702,62.9,1163.0,15758.9,109.6192,62.9,5.0,3.605,306000.0,1295.236555979294,998.0,1160.0,322596.809,233.4,5.378513908542313,5.5,178.497,6702.0,5.1
2016-05-01,726.8,59.7,18711.702,62.9,1148.0,15777.2,107.7492,62.7,5.1,3.6,306000.0,1374.7552782522928,1010.0,1205.0,322773.714,233.2,5.378513908542313,5.3,180.345,6689.0,4.8
2016-06-01,727.4,59.7,18711.702,62.9,1203.0,15821.4,110.7745,62.7,5.3,3.568,306000.0,1533.0287491018296,1016.0,1208.0,322960.309,233.7,5.378513908542313,4.9,181.917,6701.0,4.9
2016-07-01,728.1,59.8,18892.639,63.5,1239.0,15891.5,105.8163,62.8,4.5,3.44,303800.0,1479.2051810713617,1033.0,1198.0,323161.011,235.4,5.378513908542313,5.1,183.02,6735.0,4.8
2016-08-01,734.3,59.8,18892.639,63.5,1171.0,15931.3,105.2523,62.9,5.0,3.435,303800.0,1453.0564693193037,1038.0,1201.0,323369.427,235.1,5.378513908542313,5.1,183.658,6736.0,4.9
2016-09-01,744.9,59.7,18892.639,63.5,1068.0,15999.1,105.2719,62.9,5.2,3.46,303800.0,1425.480980714099,1038.0,1303.0,323576.012,234.9,5.378513908542313,5.1,183.948,6768.0,5.0
2016-10-01,743.8,59.7,19089.379,63.7,1313.0,16059.4,106.2018,62.8,5.2,3.47,310900.0,1476.2986006357953,1053.0,1254.0,323783.987,234.7,5.378513908542313,5.3,184.022,6799.0,4.9
2016-11-01,744.0,59.7,19089.379,63.7,1140.0,16107.6,107.0915,62.7,5.2,3.77,310900.0,1730.2066435437928,1042.0,1230.0,323968.882,234.9,5.378513908542313,5.4,184.234,6823.0,4.7
2016-12-01,741.9,59.7,19089.379,63.7,1252.0,16182.5,103.4522,62.7,5.4,4.198,310900.0,1521.3829624133984,1057.0,1248.0,324135.365,233.9,5.378513908542313,5.0,184.406,6818.0,4.7
2017-01-01,744.3,59.9,19280.084,63.6,1190.0,16293.3,103.6667,62.8,5.4,4.15,313100.0,1492.2883779285924,1063.0,1296.0,324296.746,238.9,5.38632824387075,5.3,184.657,6840.0,4.7
2017-02-01,747.6,60.0,19280.084,63.6,1271.0,16363.5,109.3678,62.9,5.3,4.1675,313100.0,1589.8658127808008,1070.0,1237.0,324427.384,239.4,5.38632824387075,5.6,185.023,6881.0,4.6
2017-03-01,746.5,60.2,19280.084,63.6,1190.0,16415.1,104.1273,62.9,5.0,4.196,313100.0,1588.4071453672643,1071.0,1273.0,324559.999,239.3,5.38541207339897,5.6,186.532,6902.0,4.4
2017-04-01,745.1,60.2,19438.643,63.7,1146.0,16476.0,99.4783,63.0,5.4,4.045,318200.0,1474.8454194346282,1075.0,1239.0,324704.641,245.3,5.394536224288579,5.7,188.546,6916.0,4.4
2017-05-01,747.2,60.1,19438.643,63.7,1157.0,16573.2,98.5261,62.8,5.1,4.01,318200.0,1621.973606543181,1071.0,1205.0,324861.316,245.5,5.394536224288579,6.3,190.543,6931.0,4.4
2017-06-01,747.5,60.1,19438.643,63.7,1249.0,16604.0,98.5578,62.8,5.3,3.904,318200.0,1718.4887744289897,1073.0,1353.0,325027.016,245.4,5.394536224288579,6.0,192.271,6962.0,4.3
2017-07-01,753.2,60.2,19692.595,63.9,1206.0,16665.9,96.7684,62.9,5.8,3.9675,320500.0,1626.3544603615444,1075.0,1254.0,325206.03,245.6,5.394536224288579,6.0,193.516,6968.0,4.3
2017-08-01,752.7,60.1,19692.595,63.9,1159.0,16733.7,96.8806,62.9,6.1,3.88,320500.0,1530.1168795505246,1083.0,1336.0,325386.457,245.6,5.428028973069694,6.1,194.351,7002.0,4.4
2017-09-01,752.2,60.4,19692.595,63.9,1181.0,16841.9,96.879,63.1,5.3,3.805,320500.0,1538.8533310789494,1093.0,1277.0,325565.293,244.7,5.517452896464707,5.9,194.822,7013.0,4.3
2017-10-01,759.7,60.1,20037.088,64.2,1257.0,16930.8,98.9506,62.7,5.5,3.895,337900.0,1659.9608279888014,1101.0,1360.0,325741.643,243.8,5.517452896464707,6.0,195.08900000000003,7031.0,4.2
2017-11-01,763.3,60.1,20037.088,64.2,1273.0,16997.5,101.8784,62.7,4.8,3.922,337900.0,1639.5006150318252,1107.0,1295.0,325898.856,243.4,5.517452896464707,5.6,195.457,7068.0,4.2
2017-12-01,772.5,60.1,20037.088,64.2,1177.0,17058.2,102.0626,62.7,5.6,3.95,337900.0,1665.808965041031,1100.0,1312.0,326036.736,243.3,5.517452896464707,5.0,195.852,7091.0,4.1
2018-01-01,776.7,60.1,20328.553,64.2,1299.0,17141.7,100.0281,62.7,6.0,4.0325,331800.0,1677.5083668684108,1105.0,1311.0,326163.263,246.8,5.446306244261486,5.7,196.11900000000003,7093.0,4.0
2018-02-01,785.2,60.4,20328.553,64.2,1277.0,17204.1,101.3911,63.0,5.7,4.33,331800.0,1794.72640103435,1109.0,1331.0,326268.894,246.6,5.446306244261486,5.8,196.908,7184.0,4.1
2018-03-01,787.9,60.4,20328.553,64.2,1318.0,17268.2,100.3022,62.9,5.2,4.444,331800.0,1638.0396657989559,1121.0,1381.0,326377.173,246.5,5.486869473092628,5.9,198.576,7194.0,4.0
2018-04-01,792.9,60.4,20580.912,64.3,1276.0,17328.7,102.4601,62.9,5.6,4.4675,315600.0,1700.919590333797,1124.0,1365.0,326496.848,248.1,5.495937960631161,6.0,200.61900000000003,7212.0,4.0
2018-05-01,798.1,60.5,20580.912,64.3,1357.0,17404.4,105.2745,62.9,5.5,4.586,315600.0,1756.5865646088203,1131.0,1331.0,326628.822,249.2,5.5053315359323625,6.0,202.457,7274.0,3.8
2018-06-01,802.2,60.5,20580.912,64.3,1192.0,17488.4,103.0784,63.0,5.8,4.57,315600.0,1683.3596251063996,1126.0,1338.0,326769.726,251.0,5.5053315359323625,6.3,204.047,7292.0,4.0
2018-07-01,803.0,60.6,20798.73,64.4,1208.0,17587.6,103.6884,63.0,6.0,4.5275,330900.0,1592.783351610882,1127.0,1333.0,326923.976,250.3,5.50573795739701,6.5,204.954,7318.0,3.8
2018-08-01,802.1,60.3,20798.73,64.4,1288.0,17664.0,103.0046,62.6,6.5,4.55,330900.0,1756.5865646088203,1129.0,1293.0,327086.833,249.6,5.527840524826286,6.6,205.332,7347.0,3.8
2018-09-01,803.8,60.4,20798.73,64.4,1250.0,17693.5,100.7646,62.8,6.6,4.6275,330900.0,1646.806352660315,1135.0,1320.0,327248.127,249.7,5.527840524826286,6.8,205.378,7375.0,3.7
2018-10-01,803.4,60.5,20917.867,64.8,1221.0,17749.8,100.0901,62.9,7.2,4.83,322800.0,1551.9627321277987,1141.0,1280.0,327407.004,250.3,5.527840524826286,6.7,205.373,7389.0,3.8
2018-11-01,808.8,60.6,20917.867,64.8,1181.0,17795.7,95.3075,62.9,6.4,4.866,322800.0,1565.0777634750732,1144.0,1334.0,327546.8,249.9,5.527840524826286,6.5,205.111,7386.0,3.8
2018-12-01,812.7,60.6,20917.867,64.8,1095.0,18012.4,96.3338,63.0,7.6,4.6375,322800.0,1451.6044601297185,1148.0,1320.0,327667.595,249.9,5.521460917862246,8.4,204.703,7396.0,3.9
2019-01-01,816.2,60.6,21104.133,64.2,1232.0,18053.9,102.6488,63.1,7.0,4.464,313000.0,1750.7226088413165,1152.0,1254.0,327776.541,252.7,5.52823790214127,8.2,204.209,7424.0,4.0
2019-02-01,813.7,60.7,21104.133,64.2,1128.0,18151.4,98.9187,63.1,6.4,4.37,313000.0,1862.3051202598897,1140.0,1302.0,327871.957,252.1,5.527442989539794,8.5,204.439,7396.0,3.8
2019-03-01,816.9,60.6,21104.133,64.2,1195.0,18229.5,97.4072,63.0,5.7,4.265,313000.0,1813.8118343578105,1125.0,1291.0,327970.02,251.2,5.534969267887039,7.9,205.786,7422.0,3.8
2019-04-01,811.0,60.6,21384.775,64.1,1267.0,18262.1,98.5315,62.9,5.8,4.1425,322500.0,1854.9534840720219,1123.0,1298.0,328079.473,255.6,5.538514672428074,7.7,207.698,7459.0,3.6
2019-05-01,812.2,60.6,21384.775,64.1,1307.0,18277.0,98.1995,62.9,6.7,4.072,322500.0,1703.847149790225,1132.0,1338.0,328201.245,258.1,5.551019720103791,7.3,209.361,7486.0,3.7
2019-06-01,815.6,60.7,21384.775,64.1,1228.0,18310.5,98.042,63.0,5.2,3.8025,322500.0,1620.5134554843692,1142.0,1301.0,328331.949,257.7,5.541655625147766,7.1,210.598,7511.0,3.6
2019-07-01,817.5,60.8,21694.282,64.8,1245.0,18328.6,102.4513,63.1,5.9,3.765,318400.0,1693.6018128924775,1146.0,1347.0,328475.998,255.5,5.538907831465967,6.8,211.349,7525.0,3.7
2019-08-01,824.7,60.8,21694.282,64.8,1367.0,18423.6,103.3392,63.1,5.4,3.616,318400.0,1803.5337873537371,1149.0,1528.0,328646.02,255.4,5.533784667551078,7.0,211.708,7530.0,3.7
2019-09-01,825.8,61.0,21694.282,64.8,1300.0,18474.4,106.1046,63.2,5.4,3.605,318400.0,1592.783351610882,1161.0,1491.0,328814.479,255.5,5.538907831465967,7.2,211.886,7551.0,3.5
2019-10-01,828.6,61.0,21902.39,65.1,1332.0,18549.5,102.4713,63.3,5.3,3.688,327100.0,1803.5337873537371,1160.0,1538.0,328980.52,255.4,5.529825834193874,7.3,211.979,7556.0,3.6
2019-11-01,830.7,61.0,21902.39,65.1,1346.0,18630.7,97.2591,63.3,5.4,3.695,327100.0,1730.2066435437928,1165.0,1522.0,329127.484,255.1,5.5329941536759195,7.1,212.117,7545.0,3.6
2019-12-01,828.2,61.0,21902.39,65.1,1551.0,18583.8,100.0059,63.3,5.6,3.72,327100.0,1827.0308150949113,1177.0,1461.0,329255.444,255.0,5.536152466605236,6.4,212.248,7528.0,3.6
2020-01-01,828.4,61.1,21706.513,65.3,1572.0,18821.5,107.993,63.3,5.7,3.624,329000.0,1815.280368859144,1195.0,1500.0,329371.559,254.2,5.536940488710632,7.2,212.409,7580.0,3.5
2020-02-01,837.2,61.1,21706.513,65.3,1565.0,18925.6,105.8406,63.3,5.6,3.465,329000.0,1769.7840989436663,1213.0,1440.0,329474.136,253.9,5.540086381985411,7.7,213.229,7608.0,3.5
2020-03-01,833.5,59.8,21706.513,65.3,1267.0,18577.4,100.6725,62.6,6.5,3.45,329000.0,1734.6018860312322,1215.0,1348.0,329579.358,253.9,5.553734478412542,10.3,215.207,7539.0,4.4
2020-04-01,708.4,54.77500000000002,19913.143,67.9,925.0,20750.9,95.8725,60.1,6.9,3.306,322600.0,1676.0457142335983,1193.0,1050.0,331696.325,257.2,5.555282466337757,10.3,217.254,6527.0,10.0
2020-05-01,773.6,54.77500000000002,19913.143,67.9,1054.0,19877.2,99.8972,60.8,5.4,3.2325,322600.0,1623.4338244116002,1180.0,1253.0,331671.367,256.2,5.577084821610244,10.3,218.504,7009.0,10.0
2020-06-01,793.6,54.77500000000002,19913.143,67.9,1266.0,19920.9,104.5993,61.5,3.8,3.1625,322600.0,1730.2066435437928,1183.0,1329.0,331699.141,258.4,5.577084821610244,10.3,219.83,7170.0,10.0
2020-07-01,803.1,55.2,21647.64,67.4,1529.0,20191.5,105.4513,61.5,3.4,3.016,337500.0,1832.9074805001485,1201.0,1526.0,331757.805,259.7,5.5698700570699335,10.3,221.585,7195.0,10.0
2020-08-01,810.0,56.5,21647.64,67.4,1377.0,19594.2,103.4103,61.7,3.3,2.935,337500.0,1721.4178620887974,1213.0,1564.0,331832.647,259.6,5.5698700570699335,10.3,224.064,7225.0,8.4
2020-09-01,818.9,56.6,21647.64,67.4,1463.0,19744.9,101.6846,61.4,3.4,2.89,337500.0,2027.3590431790972,1218.0,1643.0,331907.154,259.8,5.577084821610244,10.3,226.817,7256.0,7.9
2020-10-01,827.2,57.4,22024.502,65.8,1537.0,19758.5,102.824,61.7,3.3,2.834,358700.0,1915.2801392420813,1228.0,1622.0,331993.786,259.7,5.577084821610244,10.3,229.83,7310.0,6.9
2020-11-01,828.0,57.4,22024.502,65.8,1545.0,19610.4,104.775,61.5,4.0,2.765,358700.0,1724.347203085279,1248.0,1713.0,332057.046,259.5,5.577084821610244,10.3,232.337,7317.0,6.7
2020-12-01,837.6,57.4,22024.502,65.8,1663.0,19775.2,105.794,61.5,4.1,2.684,358700.0,1938.8486440417748,1262.0,1760.0,332069.17,259.6,5.577084821610244,10.3,234.39,7355.0,6.7
2021-01-01,842.5,57.5,22600.185,65.6,1602.0,21760.9,107.7894,61.3,4.0,2.735,369800.0,1877.0128135797395,1282.0,1866.0,332024.15,260.7,5.577841251298354,10.3,236.468,7363.0,6.3
2021-02-01,846.2,57.6,22600.185,65.6,1422.0,20254.0,94.1235,61.4,4.9,2.81,369800.0,1844.663682056934,1286.0,1700.0,331959.692,261.3,5.581238121898107,10.3,239.252,7291.0,6.2
2021-03-01,858.0,57.8,22600.185,65.6,1700.0,24471.8,99.3792,61.5,4.4,3.0825,369800.0,2046.5625150751937,1308.0,1731.0,331975.37,261.2,5.580861261143694,10.3,244.249,7395.0,6.1
2021-04-01,854.3,57.9,23292.362,65.4,1484.0,21304.2,102.5381,61.6,4.7,3.06,382600.0,2015.5461104136086,1320.0,1714.0,332038.862,268.0,5.586124431187969,10.3,249.856,7406.0,6.1
2021-05-01,855.8,58.0,23292.362,65.4,1600.0,20899.7,99.2814,61.5,5.6,2.9625,382600.0,1866.716810491727,1338.0,1680.0,332106.81,268.2,5.598421958998375,9.9,255.481,7394.0,5.8
2021-06-01,857.8,58.0,23292.362,65.4,1661.0,20934.3,96.703,61.7,5.8,2.975,382600.0,1809.4065936094828,1372.0,1644.0,332181.181,268.4,5.598421958998375,8.7,261.206,7400.0,5.9
2021-07-01,867.2,58.4,23828.973,65.4,1593.0,21156.5,95.8351,61.8,5.7,2.868,411200.0,1902.0293190731059,1387.0,1618.0,332281.395,269.453,5.608797575275796,9.4,265.545,7415.0,5.4
2021-08-01,873.6,58.6,23828.973,65.4,1576.0,21207.3,95.9847,61.7,6.5,2.8425,411200.0,1829.9690278960763,1412.0,1837.0,332433.994,271.193,5.608797575275796,8.7,268.821,7431.0,5.2
2021-09-01,879.9,58.8,23828.973,65.4,1560.0,21051.2,96.9222,61.7,6.0,2.9,411200.0,1712.631360671164,1437.0,1636.0,332544.706,271.694,5.608797575275796,7.2,271.474,7472.0,4.8
2021-10-01,882.8,59.0,24654.603,65.5,1572.0,21201.4,97.2735,61.8,6.8,3.0675,423600.0,1752.1885043279292,1464.0,1727.0,332642.317,271.977,5.608797575275796,6.6,273.682,7514.0,4.5
2021-11-01,889.2,59.4,24654.603,65.5,1712.0,21297.7,101.2447,61.9,6.0,3.0675,423600.0,1943.2693657121736,1493.0,1775.0,332741.721,270.722,5.633628214732994,6.2,276.04900000000004,7560.0,4.2
2021-12-01,896.4,59.5,24654.603,65.5,1787.0,21352.9,105.87,62.0,5.6,3.098,423600.0,1866.716810491727,1526.0,1948.0,332838.487,271.163,5.633628214732994,6.1,278.63,7594.0,3.9
2022-01-01,902.9,59.7,25029.116,65.4,1669.0,21294.8,102.9497,62.2,5.8,3.445,433100.0,1747.7910050596547,1553.0,1898.0,332913.239,280.267,5.6854351878381415,4.1,282.014,7590.0,4.0
2022-02-01,910.6,59.8,25029.116,65.4,1771.0,21426.2,101.875,62.2,6.2,3.7625,433100.0,1916.7527408636984,1581.0,1817.0,332923.325,281.955,5.711426517707953,4.1,287.256,7669.0,3.8
2022-03-01,913.6,60.1,25029.116,65.4,1713.0,21510.5,101.5162,62.4,7.0,4.172,433100.0,1894.6697772058649,1631.0,1877.0,332993.972,281.915,5.711426517707953,3.4,295.079,7692.0,3.6
2022-04-01,918.3,59.9,25544.273,65.8,1803.0,21581.3,97.823,62.2,8.5,4.9825,449300.0,1902.0293190731059,1669.0,1795.0,333117.831,287.439,5.722450471574612,3.1,301.728,7698.0,3.6
2022-05-01,925.1,60.0,25544.273,65.8,1543.0,21657.1,98.8438,62.3,8.3,5.23,449300.0,2027.3590431790972,1680.0,1708.0,333250.655,287.567,5.722450471574612,3.1,306.504,7736.0,3.6
2022-06-01,921.4,59.9,25544.273,65.8,1561.0,21740.7,100.5367,62.2,9.5,5.522,449300.0,1947.6905986087777,1688.0,1701.0,333383.566,288.522,5.738872874926819,2.7,308.298,7749.0,3.6
2022-07-01,924.1,59.9,25994.639,66.0,1371.0,21910.5,99.3388,62.1,10.1,5.4125,468000.0,1953.5863692445469,1683.0,1658.0,333537.25,296.731,5.738872874926819,3.5,307.133,7773.0,3.5
2022-08-01,924.5,60.1,25994.639,66.0,1505.0,22024.3,97.9552,62.3,8.7,5.2225,468000.0,1893.1980429987154,1702.0,1586.0,333709.887,299.595,5.738872874926819,3.2,303.685,7781.0,3.7
2022-09-01,924.6,60.1,25994.639,66.0,1463.0,22121.5,98.9721,62.3,9.7,6.112,468000.0,2015.5461104136086,1698.0,1588.0,333887.159,301.55,5.7426569740382565,3.0,300.503,7797.0,3.5
2022-10-01,929.5,60.0,26408.405,65.9,1432.0,22242.2,99.6175,62.2,9.7,6.9,479500.0,1882.8975340252396,1710.0,1555.0,334064.228,306.085,5.7426569740382565,3.0,298.731,7814.0,3.7
2022-11-01,929.0,59.9,26408.405,65.9,1427.0,22267.7,92.0686,62.2,9.4,6.805,479500.0,2170.864093172179,1695.0,1402.0,334216.939,307.269,5.7426569740382565,3.3,296.928,7833.0,3.6
2022-12-01,934.3,60.1,26408.405,65.9,1357.0,22312.3,92.3086,62.3,8.5,6.364,479500.0,1944.7430532596795,1696.0,1409.0,334356.155,307.445,5.7426569740382565,3.4,294.41700000000003,7859.0,3.5
2023-01-01,935.8,60.2,26813.601,66.0,1340.0,22525.3,95.9918,62.4,8.1,6.2725,429000.0,1925.5895568744052,1695.0,1354.0,334483.547,322.376,5.806197657075406,4.4,292.849,7885.0,3.4
2023-02-01,931.7,60.2,26813.601,66.0,1436.0,22648.4,98.5209,62.5,8.4,6.2575,429000.0,2221.2808877942034,1686.0,1482.0,334582.114,326.256,5.806197657075406,4.7,293.466,7899.0,3.6
2023-03-01,931.6,60.4,26813.601,66.0,1380.0,22757.9,93.3392,62.6,8.1,6.544,429000.0,2148.640216394873,1680.0,1437.0,334691.406,326.838,5.811221828032813,5.2,297.309,7890.0,3.5
2023-04-01,928.1,60.4,27063.012,65.9,1348.0,22806.1,92.2793,62.6,7.6,6.3425,418500.0,1983.0787417860302,1680.0,1417.0,334815.541,327.097,5.821432168089572,5.2,301.46,7901.0,3.4
2023-05-01,927.8,60.3,27063.012,65.9,1583.0,22876.6,97.6259,62.6,7.2,6.425,418500.0,2157.528371755411,1687.0,1496.0,334944.293,329.026,5.821432168089572,5.3,305.41,7926.0,3.7
2023-06-01,929.5,60.3,27063.012,65.9,1418.0,22921.4,97.0337,62.6,7.5,6.714,418500.0,2095.350768957706,1692.0,1441.0,335082.618,328.781,5.821432168089572,4.8,308.282,7955.0,3.6
2023-07-01,922.6,60.4,27644.463,66.0,1451.0,22984.0,94.5459,62.6,7.0,6.84,431000.0,1862.3051202598897,1697.0,1443.0,335244.204,331.468,5.821432168089572,4.2,310.11,7967.0,3.5
